First Matching Affiliation,First Matching Author,Institution Guess,doi,url to publisher,Metadata path+filename (local),Article Title,Article Subtitle,Authors,Year,Journal Title,All Affiliations,Publisher,Date of Allowed Open Access Publication,Volume,Issue,Start Page,End Page,ISSN (print),ISSN (electronic),Copyright type,Copyright / Licence,Source,Link to Swissbib,Metadata in MARC XML,Metadata in Dublin Core,Metadata in Json-Marc,Comment
Universität Luzern,LAUREN FIELDER REDMAN,unilu,10.1017/S0022278X09990279,https://doi.org/10.1017/S0022278X09990279,./MOA/MOA48_01/S0022278X09990279h.xml,Book Review: Gender and Sexuality in African Literature and Film,"Gender and Sexuality in African Literature and Film edited and introduced by Uzoamaka AzodoAda and Ngozi EkeMaureen Trenton, NJ: African World Press, 2007. Pp. 333, US$34.95 (pbk).",,2010,The Journal of Modern African Studies,,Cambridge University Press,,48,1,171,172,0022-278X,1469-7777,copyright,Copyright © Cambridge University Press 2010,cambridge,https://www.swissbib.ch/Search/Results?lookfor=nationallicencecambridge101017S0022278X09990279,http://sru.swissbib.ch/sru/search/defaultdb?query=+dc.anywhere+exact+NATIONALLICENCEcambridge101017S0022278X09990279&operation=searchRetrieve&recordSchema=info%3Asrw%2Fschema%2F1%2Fmarcxml-v1.1-light&maximumRecords=10&startRecord=0&recordPacking=XML&availableDBs=defaultdb&sortKeys=Submit+query,http://sru.swissbib.ch/sru/search/defaultdb?query=+dc.anywhere+exact+NATIONALLICENCEcambridge101017S0022278X09990279&operation=searchRetrieve&recordSchema=info%3Asrw%2Fschema%2F1%2Fdc-v1.1-light&maximumRecords=10&startRecord=0&recordPacking=XML&availableDBs=defaultdb&sortKeys=Submit+query,http://sru.swissbib.ch/sru/search/defaultdb?query=+dc.anywhere+exact+NATIONALLICENCEcambridge101017S0022278X09990279&operation=searchRetrieve&recordSchema=info%3Asru%2Fschema%2Fjson&maximumRecords=10&startRecord=0&recordPacking=XML&availableDBs=defaultdb&sortKeys=Submit+query,
" Universität Luzern, Soziologisches Seminar",Rainer Diaz-Bone,unilu,10.1524/srsr.2011.0017,https://doi.org/10.1524/srsr.2011.0017,./j/srsr.2011.34.issue-3/srsr.2011.0017/srsr.2011.0017.xml,Symposium zu: Luc Boltanski / Laurent Thévenot: Über die Rechtfertigung. Eine Soziologie der kritischen Urteilskraft,,,2011,Soziologische Revue,,Oldenbourg Wissenschaftsverlag GmbH,,34,3,263,283,0343-4109,,copyright,"© by Oldenbourg Wissenschaftsverlag, München, Germany",gruyter,https://www.swissbib.ch/Search/Results?lookfor=nationallicencegruyter101524srsr20110017,http://sru.swissbib.ch/sru/search/defaultdb?query=+dc.anywhere+exact+NATIONALLICENCEgruyter101524srsr20110017&operation=searchRetrieve&recordSchema=info%3Asrw%2Fschema%2F1%2Fmarcxml-v1.1-light&maximumRecords=10&startRecord=0&recordPacking=XML&availableDBs=defaultdb&sortKeys=Submit+query,http://sru.swissbib.ch/sru/search/defaultdb?query=+dc.anywhere+exact+NATIONALLICENCEgruyter101524srsr20110017&operation=searchRetrieve&recordSchema=info%3Asrw%2Fschema%2F1%2Fdc-v1.1-light&maximumRecords=10&startRecord=0&recordPacking=XML&availableDBs=defaultdb&sortKeys=Submit+query,http://sru.swissbib.ch/sru/search/defaultdb?query=+dc.anywhere+exact+NATIONALLICENCEgruyter101524srsr20110017&operation=searchRetrieve&recordSchema=info%3Asru%2Fschema%2Fjson&maximumRecords=10&startRecord=0&recordPacking=XML&availableDBs=defaultdb&sortKeys=Submit+query,
"1 Universität Luzern, Philosophisches Seminar, Luzern 7, Schweiz  Universität Luzern, Philosophisches Seminar, Luzern 7, Schweiz",Christiane Schildknecht,unilu,10.1524/dzph.2008.0061,https://doi.org/10.1524/dzph.2008.0061,./j/dzph.2008.56.issue-5/dzph.2008.0061/dzph.2008.0061.xml,Klarheit in Philosophie und Literatur. Überlegungen im Anschluss an Peter Bieri,,,2008,Deutsche Zeitschrift für Philosophie,,Akademie Verlag GmbH,,56,5,781,787,0012-1045,,copyright,"© by Akademie Verlag, Berlin, Germany",gruyter,https://www.swissbib.ch/Search/Results?lookfor=nationallicencegruyter101524dzph20080061,http://sru.swissbib.ch/sru/search/defaultdb?query=+dc.anywhere+exact+NATIONALLICENCEgruyter101524dzph20080061&operation=searchRetrieve&recordSchema=info%3Asrw%2Fschema%2F1%2Fmarcxml-v1.1-light&maximumRecords=10&startRecord=0&recordPacking=XML&availableDBs=defaultdb&sortKeys=Submit+query,http://sru.swissbib.ch/sru/search/defaultdb?query=+dc.anywhere+exact+NATIONALLICENCEgruyter101524dzph20080061&operation=searchRetrieve&recordSchema=info%3Asrw%2Fschema%2F1%2Fdc-v1.1-light&maximumRecords=10&startRecord=0&recordPacking=XML&availableDBs=defaultdb&sortKeys=Submit+query,http://sru.swissbib.ch/sru/search/defaultdb?query=+dc.anywhere+exact+NATIONALLICENCEgruyter101524dzph20080061&operation=searchRetrieve&recordSchema=info%3Asru%2Fschema%2Fjson&maximumRecords=10&startRecord=0&recordPacking=XML&availableDBs=defaultdb&sortKeys=Submit+query,
"i-call research centre, Faculty of Law, University of Lucerne, Switzerland. Email: karolina.kuprecht@unilu.ch E-mail: karolina.kuprecht@unilu.ch",Karolina Kuprecht,unilu,10.1017/S0940739112000057,https://doi.org/10.1017/S0940739112000057,./JCP/JCP19_01/S0940739112000057h.xml,The Concept of “Cultural Affiliation” in NAGPRA: Its Potential and Limits in the Global Protection of Indigenous Cultural Property Rights,,,2012,International Journal of Cultural Property,,Cambridge University Press,,19,1,33,63,0940-7391,1465-7317,copyright,Copyright © International Cultural Property Society 2012,cambridge,https://www.swissbib.ch/Search/Results?lookfor=nationallicencecambridge101017S0940739112000057,http://sru.swissbib.ch/sru/search/defaultdb?query=+dc.anywhere+exact+NATIONALLICENCEcambridge101017S0940739112000057&operation=searchRetrieve&recordSchema=info%3Asrw%2Fschema%2F1%2Fmarcxml-v1.1-light&maximumRecords=10&startRecord=0&recordPacking=XML&availableDBs=defaultdb&sortKeys=Submit+query,http://sru.swissbib.ch/sru/search/defaultdb?query=+dc.anywhere+exact+NATIONALLICENCEcambridge101017S0940739112000057&operation=searchRetrieve&recordSchema=info%3Asrw%2Fschema%2F1%2Fdc-v1.1-light&maximumRecords=10&startRecord=0&recordPacking=XML&availableDBs=defaultdb&sortKeys=Submit+query,http://sru.swissbib.ch/sru/search/defaultdb?query=+dc.anywhere+exact+NATIONALLICENCEcambridge101017S0940739112000057&operation=searchRetrieve&recordSchema=info%3Asru%2Fschema%2Fjson&maximumRecords=10&startRecord=0&recordPacking=XML&availableDBs=defaultdb&sortKeys=Submit+query,
Institut für Sozialethik Universitäre Hochschule Luzern Postfach 7424 CH-6000 Luzern 7,Hans J. Münk,unilu,10.14315/zee-1999-0136,https://doi.org/10.14315/zee-1999-0136,./j/zee.1999.43.issue-1/zee-1999-0136/zee-1999-0136.xml,>Starke< oder >schwache< Nachhaltigkeit?,Theologisch-ethische Überlegungen zur ökologischen Grundkomponente des Sustainability-Leitbilds,,1999,Zeitschrift für Evangelische Ethik,,Gütersloher Verlagshaus,,43,1,277,293,,2197-912X,copyright,© 2014 by Gütersloher Verlagshaus,gruyter,https://www.swissbib.ch/Search/Results?lookfor=nationallicencegruyter1014315zee19990136,http://sru.swissbib.ch/sru/search/defaultdb?query=+dc.anywhere+exact+NATIONALLICENCEgruyter1014315zee19990136&operation=searchRetrieve&recordSchema=info%3Asrw%2Fschema%2F1%2Fmarcxml-v1.1-light&maximumRecords=10&startRecord=0&recordPacking=XML&availableDBs=defaultdb&sortKeys=Submit+query,http://sru.swissbib.ch/sru/search/defaultdb?query=+dc.anywhere+exact+NATIONALLICENCEgruyter1014315zee19990136&operation=searchRetrieve&recordSchema=info%3Asrw%2Fschema%2F1%2Fdc-v1.1-light&maximumRecords=10&startRecord=0&recordPacking=XML&availableDBs=defaultdb&sortKeys=Submit+query,http://sru.swissbib.ch/sru/search/defaultdb?query=+dc.anywhere+exact+NATIONALLICENCEgruyter1014315zee19990136&operation=searchRetrieve&recordSchema=info%3Asru%2Fschema%2Fjson&maximumRecords=10&startRecord=0&recordPacking=XML&availableDBs=defaultdb&sortKeys=Submit+query,
"Lucerne University of Applied Sciences and Arts, Lucerne, Switzerland Department of Music, University of Sheffield, Sheffield, UK",V.J. Williamson,unilu,10.1093/cercor/bhu075,https://doi.org/10.1093/cercor/bhu075,./CERCOR/cercor25-9/abstracts/bhu075.xml,Pitch Memory in Nonmusicians and Musicians: Revealing Functional Differences Using Transcranial Direct Current Stimulation,,,2015,Cerebral Cortex,,Oxford University Press,2018-09-01,25,9,2774,2782,1047-3211,1460-2199,copyright,"© The Author 2014. Published by Oxford University Press. All rights reserved. For Permissions, please e-mail: journals.permissions@oup.com",oxford,https://www.swissbib.ch/Search/Results?lookfor=nationallicenceoxford101093cercorbhu075,http://sru.swissbib.ch/sru/search/defaultdb?query=+dc.anywhere+exact+NATIONALLICENCEoxford101093cercorbhu075&operation=searchRetrieve&recordSchema=info%3Asrw%2Fschema%2F1%2Fmarcxml-v1.1-light&maximumRecords=10&startRecord=0&recordPacking=XML&availableDBs=defaultdb&sortKeys=Submit+query,http://sru.swissbib.ch/sru/search/defaultdb?query=+dc.anywhere+exact+NATIONALLICENCEoxford101093cercorbhu075&operation=searchRetrieve&recordSchema=info%3Asrw%2Fschema%2F1%2Fdc-v1.1-light&maximumRecords=10&startRecord=0&recordPacking=XML&availableDBs=defaultdb&sortKeys=Submit+query,http://sru.swissbib.ch/sru/search/defaultdb?query=+dc.anywhere+exact+NATIONALLICENCEoxford101093cercorbhu075&operation=searchRetrieve&recordSchema=info%3Asru%2Fschema%2Fjson&maximumRecords=10&startRecord=0&recordPacking=XML&availableDBs=defaultdb&sortKeys=Submit+query,
"Kantonsspital Luzern, Luzern, Switzerland Corresponding author: Renan-Ulrich Goetz, Universitat de Girona, Departament d'Economia, Campus Montilivi, 17071 Girona, Spain.",Hansjörg Schmid,unilu,10.1093/erae/jbi033,https://doi.org/10.1093/erae/jbi033,./erae/erae33-1/abstracts/jbi033.xml,Determining the economic gains from regulation at the extensive and intensive margins,,,2006,European Review of Agricultural Economics,,Oxford University Press,,33,1,1,30,0165-1587,1464-3618,copyright,"© Oxford University Press and Foundation for the European Review of Agricultural Economics 2005; all rights reserved. For permissions, please email journals.permissions@oxfordjournals.org",oxford,https://www.swissbib.ch/Search/Results?lookfor=nationallicenceoxford101093eraejbi033,http://sru.swissbib.ch/sru/search/defaultdb?query=+dc.anywhere+exact+NATIONALLICENCEoxford101093eraejbi033&operation=searchRetrieve&recordSchema=info%3Asrw%2Fschema%2F1%2Fmarcxml-v1.1-light&maximumRecords=10&startRecord=0&recordPacking=XML&availableDBs=defaultdb&sortKeys=Submit+query,http://sru.swissbib.ch/sru/search/defaultdb?query=+dc.anywhere+exact+NATIONALLICENCEoxford101093eraejbi033&operation=searchRetrieve&recordSchema=info%3Asrw%2Fschema%2F1%2Fdc-v1.1-light&maximumRecords=10&startRecord=0&recordPacking=XML&availableDBs=defaultdb&sortKeys=Submit+query,http://sru.swissbib.ch/sru/search/defaultdb?query=+dc.anywhere+exact+NATIONALLICENCEoxford101093eraejbi033&operation=searchRetrieve&recordSchema=info%3Asru%2Fschema%2Fjson&maximumRecords=10&startRecord=0&recordPacking=XML&availableDBs=defaultdb&sortKeys=Submit+query,
"University Hospital Basel, Basel, Switzerland Kantonsspital Luzern, Herzzentrum, 6000 Luzern 16, Switzerland E-mail: bart.deboeck@ksl.ch",Bart W.L. De Boeck,unilu,10.1093/eurheartj/ehr104,https://doi.org/10.1093/eurheartj/ehr104,./eurheartj/eurheartj32-12/abstracts/ehr104.xml,Cardiovascular magnetic resonance imaging for diagnosis and clinical management of suspected cardiac masses and tumours,,,2011,European Heart Journal,,Oxford University Press,,32,12,1551,1560,0195-668X,1522-9645,copyright,Published on behalf of the European Society of Cardiology. All rights reserved. © The Author 2011. For permissions please email: journals.permissions@oup.com,oxford,https://www.swissbib.ch/Search/Results?lookfor=nationallicenceoxford101093eurheartjehr104,http://sru.swissbib.ch/sru/search/defaultdb?query=+dc.anywhere+exact+NATIONALLICENCEoxford101093eurheartjehr104&operation=searchRetrieve&recordSchema=info%3Asrw%2Fschema%2F1%2Fmarcxml-v1.1-light&maximumRecords=10&startRecord=0&recordPacking=XML&availableDBs=defaultdb&sortKeys=Submit+query,http://sru.swissbib.ch/sru/search/defaultdb?query=+dc.anywhere+exact+NATIONALLICENCEoxford101093eurheartjehr104&operation=searchRetrieve&recordSchema=info%3Asrw%2Fschema%2F1%2Fdc-v1.1-light&maximumRecords=10&startRecord=0&recordPacking=XML&availableDBs=defaultdb&sortKeys=Submit+query,http://sru.swissbib.ch/sru/search/defaultdb?query=+dc.anywhere+exact+NATIONALLICENCEoxford101093eurheartjehr104&operation=searchRetrieve&recordSchema=info%3Asru%2Fschema%2Fjson&maximumRecords=10&startRecord=0&recordPacking=XML&availableDBs=defaultdb&sortKeys=Submit+query,
"2 Departments of Neurology and Clinical Research, Perception and Eye Movement Laboratory, Inselspital, Bern University Hospital, and University of Bern, 3010 Bern, Switzerland 3 Department of Internal Medicine, Center of Neurology and Neurorehabilitation, Luzerner Kantonsspital, 6000 Luzern 16, Switzerland",Stephan Bohlhalter,unilu,10.1093/brain/aws182,https://doi.org/10.1093/brain/aws182,./BRAINJ/brainj135-11/abstracts/aws182.xml,Theta burst stimulation reduces disability during the activities of daily living in spatial neglect,,,2012,Brain,,Oxford University Press,,135,11,3426,3439,0006-8950,1460-2156,copyright,"© The Author (2012). Published by Oxford University Press on behalf of the Guarantors of Brain. All rights reserved. For Permissions, please email: journals.permissions@oup.com",oxford,https://www.swissbib.ch/Search/Results?lookfor=nationallicenceoxford101093brainaws182,http://sru.swissbib.ch/sru/search/defaultdb?query=+dc.anywhere+exact+NATIONALLICENCEoxford101093brainaws182&operation=searchRetrieve&recordSchema=info%3Asrw%2Fschema%2F1%2Fmarcxml-v1.1-light&maximumRecords=10&startRecord=0&recordPacking=XML&availableDBs=defaultdb&sortKeys=Submit+query,http://sru.swissbib.ch/sru/search/defaultdb?query=+dc.anywhere+exact+NATIONALLICENCEoxford101093brainaws182&operation=searchRetrieve&recordSchema=info%3Asrw%2Fschema%2F1%2Fdc-v1.1-light&maximumRecords=10&startRecord=0&recordPacking=XML&availableDBs=defaultdb&sortKeys=Submit+query,http://sru.swissbib.ch/sru/search/defaultdb?query=+dc.anywhere+exact+NATIONALLICENCEoxford101093brainaws182&operation=searchRetrieve&recordSchema=info%3Asru%2Fschema%2Fjson&maximumRecords=10&startRecord=0&recordPacking=XML&availableDBs=defaultdb&sortKeys=Submit+query,
"Department of Medicine, University Hospital, 1011 Lausanne, Switzerland Fax: ( 41) 21 314 08 71 Email: Jacques.Cornuz@chuv.hospvd.ch Institute of Social and Preventive Medicine, University Hospital, 1011 Lausanne, Switzerland Fax: ( 41) 21 314 08 71 Email: Jacques.Cornuz@chuv.hospvd.ch *To whom correspondence should be addressed For the SEMOF research group (alphabetical order): D. Büche (State Hospital, St. Gall); M. Dambacher (Balgrist Clinic, Zürich); F. Hartl (University Hospital, Basel); H. Häuselmann (University Hospital, Zürich); K. Lippuner (University Outpatient clinic, Bern); M. Neff (Osteoporosis Center, Zürich); P. Pancaldi (Osteoporosis Center, Locarno); R. Rizzoli (University Hospital, Geneva); F. Tanzi (Osteoporosis Center, Lugano); R. Theiler (State Hospital, Aarau); A. Tyndall (University Hospital, Basel); C. Wimpfheimer, (Private practice, Luzern)",Jacques Cornuz,unilu,10.1093/ageing/afg099b,https://doi.org/10.1093/ageing/afg099b,./AGEING/ageing32-6/abstracts/afg099b.xml,Factors associated with the use of hormone replacement therapy among older women,,,2003,Age and Ageing,,Oxford University Press,,32,6,675,678,0002-0729,1468-2834,copyright,© British Geriatrics Society,oxford,https://www.swissbib.ch/Search/Results?lookfor=nationallicenceoxford101093ageingafg099b,http://sru.swissbib.ch/sru/search/defaultdb?query=+dc.anywhere+exact+NATIONALLICENCEoxford101093ageingafg099b&operation=searchRetrieve&recordSchema=info%3Asrw%2Fschema%2F1%2Fmarcxml-v1.1-light&maximumRecords=10&startRecord=0&recordPacking=XML&availableDBs=defaultdb&sortKeys=Submit+query,http://sru.swissbib.ch/sru/search/defaultdb?query=+dc.anywhere+exact+NATIONALLICENCEoxford101093ageingafg099b&operation=searchRetrieve&recordSchema=info%3Asrw%2Fschema%2F1%2Fdc-v1.1-light&maximumRecords=10&startRecord=0&recordPacking=XML&availableDBs=defaultdb&sortKeys=Submit+query,http://sru.swissbib.ch/sru/search/defaultdb?query=+dc.anywhere+exact+NATIONALLICENCEoxford101093ageingafg099b&operation=searchRetrieve&recordSchema=info%3Asru%2Fschema%2Fjson&maximumRecords=10&startRecord=0&recordPacking=XML&availableDBs=defaultdb&sortKeys=Submit+query,
"Department of Nuclear Medicine and Radiology, Cantonal Hospital Lucerne, Switzerland Department of Nuclear Medicine, University Hospital Zurich, Switzerland",K Strobel,unilu,10.1017/S0022215110002872,https://doi.org/10.1017/S0022215110002872,./JLO/JLO125_05/S0022215110002872h.xml,"Melanoma of the middle ear: initial presentation, Fluoro-2-deoxy-d-glucose positron emission tomography/computed tomography imaging and follow up",,,2011,The Journal of Laryngology & Otology,,Cambridge University Press,,125,5,536,539,0022-2151,1748-5460,copyright,Copyright © JLO (1984) Limited 2011,cambridge,https://www.swissbib.ch/Search/Results?lookfor=nationallicencecambridge101017S0022215110002872,http://sru.swissbib.ch/sru/search/defaultdb?query=+dc.anywhere+exact+NATIONALLICENCEcambridge101017S0022215110002872&operation=searchRetrieve&recordSchema=info%3Asrw%2Fschema%2F1%2Fmarcxml-v1.1-light&maximumRecords=10&startRecord=0&recordPacking=XML&availableDBs=defaultdb&sortKeys=Submit+query,http://sru.swissbib.ch/sru/search/defaultdb?query=+dc.anywhere+exact+NATIONALLICENCEcambridge101017S0022215110002872&operation=searchRetrieve&recordSchema=info%3Asrw%2Fschema%2F1%2Fdc-v1.1-light&maximumRecords=10&startRecord=0&recordPacking=XML&availableDBs=defaultdb&sortKeys=Submit+query,http://sru.swissbib.ch/sru/search/defaultdb?query=+dc.anywhere+exact+NATIONALLICENCEcambridge101017S0022215110002872&operation=searchRetrieve&recordSchema=info%3Asru%2Fschema%2Fjson&maximumRecords=10&startRecord=0&recordPacking=XML&availableDBs=defaultdb&sortKeys=Submit+query,
"University of Bonn, Germany, and University of Lucerne, Switzerland",Andreas Mühling,unilu,10.1017/S000964070011073X,https://doi.org/10.1017/S000964070011073X,./CHH/CHH74_02/S000964070011073Xh.xml,Book Review: Credo: Historical and Theological Guide to Creeds and Confessions of Faith in the Christian Tradition,"Credo: Historical and Theological Guide to Creeds and Confessions of Faith in the Christian Tradition. By PelikanJaroslav. New Haven, Conn.: Yale University Press, 2003. liv + 609 pp. $37.50 cloth.",,2005,Church History,,Cambridge University Press,,74,2,426,427,0009-6407,1755-2613,copyright,Copyright © American Society of Church History 2005,cambridge,https://www.swissbib.ch/Search/Results?lookfor=nationallicencecambridge101017S000964070011073X,http://sru.swissbib.ch/sru/search/defaultdb?query=+dc.anywhere+exact+NATIONALLICENCEcambridge101017S000964070011073X&operation=searchRetrieve&recordSchema=info%3Asrw%2Fschema%2F1%2Fmarcxml-v1.1-light&maximumRecords=10&startRecord=0&recordPacking=XML&availableDBs=defaultdb&sortKeys=Submit+query,http://sru.swissbib.ch/sru/search/defaultdb?query=+dc.anywhere+exact+NATIONALLICENCEcambridge101017S000964070011073X&operation=searchRetrieve&recordSchema=info%3Asrw%2Fschema%2F1%2Fdc-v1.1-light&maximumRecords=10&startRecord=0&recordPacking=XML&availableDBs=defaultdb&sortKeys=Submit+query,http://sru.swissbib.ch/sru/search/defaultdb?query=+dc.anywhere+exact+NATIONALLICENCEcambridge101017S000964070011073X&operation=searchRetrieve&recordSchema=info%3Asru%2Fschema%2Fjson&maximumRecords=10&startRecord=0&recordPacking=XML&availableDBs=defaultdb&sortKeys=Submit+query,
"Universität Luzern, Universität St. Gallen, CREMA",Christoph A. Schaltegger,unilu,10.1111/j.1468-2516.2012.00401.x,https://doi.org/10.1111/j.1468-2516.2012.00401.x,./j/pwp.2012.13.issue-4/j.1468-2516.2012.00401.x/j.1468-2516.2012.00401.x.xml,Religionsökonomie: eine Übersicht,,,2012,Perspektiven der Wirtschaftspolitik,,De Gruyter,,13,4,387,406,1465-6493,1468-2516,copyright,© 2014 by Walter de Gruyter GmbH & Co.,gruyter,https://www.swissbib.ch/Search/Results?lookfor=nationallicencegruyter101111j14682516201200401x,http://sru.swissbib.ch/sru/search/defaultdb?query=+dc.anywhere+exact+NATIONALLICENCEgruyter101111j14682516201200401x&operation=searchRetrieve&recordSchema=info%3Asrw%2Fschema%2F1%2Fmarcxml-v1.1-light&maximumRecords=10&startRecord=0&recordPacking=XML&availableDBs=defaultdb&sortKeys=Submit+query,http://sru.swissbib.ch/sru/search/defaultdb?query=+dc.anywhere+exact+NATIONALLICENCEgruyter101111j14682516201200401x&operation=searchRetrieve&recordSchema=info%3Asrw%2Fschema%2F1%2Fdc-v1.1-light&maximumRecords=10&startRecord=0&recordPacking=XML&availableDBs=defaultdb&sortKeys=Submit+query,http://sru.swissbib.ch/sru/search/defaultdb?query=+dc.anywhere+exact+NATIONALLICENCEgruyter101111j14682516201200401x&operation=searchRetrieve&recordSchema=info%3Asru%2Fschema%2Fjson&maximumRecords=10&startRecord=0&recordPacking=XML&availableDBs=defaultdb&sortKeys=Submit+query,
"1 Universität Luzern, Soziologisches Seminar  Universität Luzern, Soziologisches Seminar",Cristina Besio,unilu,10.1524/srsr.2011.0005,https://doi.org/10.1524/srsr.2011.0005,./j/srsr.2011.34.issue-1/srsr.2011.0005/srsr.2011.0005.xml,Bereichsbesprechung. zum Thema: Systemtheorie,,,2011,Soziologische Revue,,Oldenbourg Wissenschaftsverlag GmbH,,34,1,105,112,0343-4109,,copyright,"© by Oldenbourg Wissenschaftsverlag, München, Germany",gruyter,https://www.swissbib.ch/Search/Results?lookfor=nationallicencegruyter101524srsr20110005,http://sru.swissbib.ch/sru/search/defaultdb?query=+dc.anywhere+exact+NATIONALLICENCEgruyter101524srsr20110005&operation=searchRetrieve&recordSchema=info%3Asrw%2Fschema%2F1%2Fmarcxml-v1.1-light&maximumRecords=10&startRecord=0&recordPacking=XML&availableDBs=defaultdb&sortKeys=Submit+query,http://sru.swissbib.ch/sru/search/defaultdb?query=+dc.anywhere+exact+NATIONALLICENCEgruyter101524srsr20110005&operation=searchRetrieve&recordSchema=info%3Asrw%2Fschema%2F1%2Fdc-v1.1-light&maximumRecords=10&startRecord=0&recordPacking=XML&availableDBs=defaultdb&sortKeys=Submit+query,http://sru.swissbib.ch/sru/search/defaultdb?query=+dc.anywhere+exact+NATIONALLICENCEgruyter101524srsr20110005&operation=searchRetrieve&recordSchema=info%3Asru%2Fschema%2Fjson&maximumRecords=10&startRecord=0&recordPacking=XML&availableDBs=defaultdb&sortKeys=Submit+query,
"Universität Luzern, Historisches Seminar, Luzern, Schweiz",Valentin Groebner,unilu,10.1524/hzhz.2013.0103,https://doi.org/10.1524/hzhz.2013.0103,./j/hzhz.2013.296.issue-2/hzhz.2013.0103/hzhz.2013.0103.xml,Touristischer Geschichtsgebrauch. Über einige Merkmale neuer Vergangenheiten im 20. und 21. JahrhundertThe Touristic Use of History. About the Transformation of the Past in the 20th and 20st Centuries,,,2013,Historische Zeitschrift,,Oldenbourg Wissenschaftsverlag GmbH,,296,2,408,428,0018-2613,,copyright,"© by Oldenbourg Wissenschaftsverlag, München, Germany",gruyter,https://www.swissbib.ch/Search/Results?lookfor=nationallicencegruyter101524hzhz20130103,http://sru.swissbib.ch/sru/search/defaultdb?query=+dc.anywhere+exact+NATIONALLICENCEgruyter101524hzhz20130103&operation=searchRetrieve&recordSchema=info%3Asrw%2Fschema%2F1%2Fmarcxml-v1.1-light&maximumRecords=10&startRecord=0&recordPacking=XML&availableDBs=defaultdb&sortKeys=Submit+query,http://sru.swissbib.ch/sru/search/defaultdb?query=+dc.anywhere+exact+NATIONALLICENCEgruyter101524hzhz20130103&operation=searchRetrieve&recordSchema=info%3Asrw%2Fschema%2F1%2Fdc-v1.1-light&maximumRecords=10&startRecord=0&recordPacking=XML&availableDBs=defaultdb&sortKeys=Submit+query,http://sru.swissbib.ch/sru/search/defaultdb?query=+dc.anywhere+exact+NATIONALLICENCEgruyter101524hzhz20130103&operation=searchRetrieve&recordSchema=info%3Asru%2Fschema%2Fjson&maximumRecords=10&startRecord=0&recordPacking=XML&availableDBs=defaultdb&sortKeys=Submit+query,
University of Lucerne E-mail: hyo.kang@unilu.ch E-mail: hyo.kang@unilu.ch,Hyo Yoon Kang,unilu,10.1017/S0269889712000233,https://doi.org/10.1017/S0269889712000233,./SIC/SIC25_04/S0269889712000233h.xml,Science Inside Law: The Making of a New Patent Class in the International Patent Classification,,,2012,Science in Context,,Cambridge University Press,2017-12-01,25,4,551,594,0269-8897,1474-0664,copyright,Copyright © Cambridge University Press 2012,cambridge,https://www.swissbib.ch/Search/Results?lookfor=nationallicencecambridge101017S0269889712000233,http://sru.swissbib.ch/sru/search/defaultdb?query=+dc.anywhere+exact+NATIONALLICENCEcambridge101017S0269889712000233&operation=searchRetrieve&recordSchema=info%3Asrw%2Fschema%2F1%2Fmarcxml-v1.1-light&maximumRecords=10&startRecord=0&recordPacking=XML&availableDBs=defaultdb&sortKeys=Submit+query,http://sru.swissbib.ch/sru/search/defaultdb?query=+dc.anywhere+exact+NATIONALLICENCEcambridge101017S0269889712000233&operation=searchRetrieve&recordSchema=info%3Asrw%2Fschema%2F1%2Fdc-v1.1-light&maximumRecords=10&startRecord=0&recordPacking=XML&availableDBs=defaultdb&sortKeys=Submit+query,http://sru.swissbib.ch/sru/search/defaultdb?query=+dc.anywhere+exact+NATIONALLICENCEcambridge101017S0269889712000233&operation=searchRetrieve&recordSchema=info%3Asru%2Fschema%2Fjson&maximumRecords=10&startRecord=0&recordPacking=XML&availableDBs=defaultdb&sortKeys=Submit+query,
"1 Universität Luzern, Lehrbeauftragter am Soziologischen Seminar, Schweiz  Universität Luzern, Lehrbeauftragter am Soziologischen Seminar, Schweiz",Hanno Pahl,unilu,10.1524/srsr.2012.0044,https://doi.org/10.1524/srsr.2012.0044,./j/srsr.2012.35.issue-3/srsr.2012.0044/srsr.2012.0044.xml,Theorie,,,2012,Soziologische Revue,,Oldenbourg Wissenschaftsverlag GmbH,,35,3,345,348,0343-4109,,copyright,"© by Oldenbourg Wissenschaftsverlag, München, Germany",gruyter,https://www.swissbib.ch/Search/Results?lookfor=nationallicencegruyter101524srsr20120044,http://sru.swissbib.ch/sru/search/defaultdb?query=+dc.anywhere+exact+NATIONALLICENCEgruyter101524srsr20120044&operation=searchRetrieve&recordSchema=info%3Asrw%2Fschema%2F1%2Fmarcxml-v1.1-light&maximumRecords=10&startRecord=0&recordPacking=XML&availableDBs=defaultdb&sortKeys=Submit+query,http://sru.swissbib.ch/sru/search/defaultdb?query=+dc.anywhere+exact+NATIONALLICENCEgruyter101524srsr20120044&operation=searchRetrieve&recordSchema=info%3Asrw%2Fschema%2F1%2Fdc-v1.1-light&maximumRecords=10&startRecord=0&recordPacking=XML&availableDBs=defaultdb&sortKeys=Submit+query,http://sru.swissbib.ch/sru/search/defaultdb?query=+dc.anywhere+exact+NATIONALLICENCEgruyter101524srsr20120044&operation=searchRetrieve&recordSchema=info%3Asru%2Fschema%2Fjson&maximumRecords=10&startRecord=0&recordPacking=XML&availableDBs=defaultdb&sortKeys=Submit+query,
"Universität St. Gallen, Universität Luzern, CREMA und economiesuisse",Christoph A. Schaltegger,unilu,10.1111/j.1468-2516.2010.00332.x,https://doi.org/10.1111/j.1468-2516.2010.00332.x,./j/pwp.2010.11.issue-2/j.1468-2516.2010.00332.x/j.1468-2516.2010.00332.x.xml,Fiskalpolitik als antizyklisches Instrument? Eine Betrachtung der Schweiz,,,2010,Perspektiven der Wirtschaftspolitik,,De Gruyter,,11,2,146,177,1465-6493,1468-2516,copyright,© 2014 by Walter de Gruyter GmbH & Co.,gruyter,https://www.swissbib.ch/Search/Results?lookfor=nationallicencegruyter101111j14682516201000332x,http://sru.swissbib.ch/sru/search/defaultdb?query=+dc.anywhere+exact+NATIONALLICENCEgruyter101111j14682516201000332x&operation=searchRetrieve&recordSchema=info%3Asrw%2Fschema%2F1%2Fmarcxml-v1.1-light&maximumRecords=10&startRecord=0&recordPacking=XML&availableDBs=defaultdb&sortKeys=Submit+query,http://sru.swissbib.ch/sru/search/defaultdb?query=+dc.anywhere+exact+NATIONALLICENCEgruyter101111j14682516201000332x&operation=searchRetrieve&recordSchema=info%3Asrw%2Fschema%2F1%2Fdc-v1.1-light&maximumRecords=10&startRecord=0&recordPacking=XML&availableDBs=defaultdb&sortKeys=Submit+query,http://sru.swissbib.ch/sru/search/defaultdb?query=+dc.anywhere+exact+NATIONALLICENCEgruyter101111j14682516201000332x&operation=searchRetrieve&recordSchema=info%3Asru%2Fschema%2Fjson&maximumRecords=10&startRecord=0&recordPacking=XML&availableDBs=defaultdb&sortKeys=Submit+query,
"Swiss Paraplegic Research, Postfach CH-6207, Nottwil, Switzerland ICF Research Branch of WHO FIC CC (DIMDI) at SPF, Nottwil, Switzerland Institute for Health and Rehabilitation Sciences, Ludwig Maximilian University, Marchioninistr. 17, 81377 Munich, Germany Department of Health Sciences and Health Policy, University of Lucerne, Pilatusstrasse 20, 6000 Luzern 7, Switzerland E-mail: gerold.stucki@paranet.ch",Gerold Stucki,unilu,10.1093/pubmed/fdq022,https://doi.org/10.1093/pubmed/fdq022,./pubmed.tar.gz/pubmed/abstracts/fdq022.xml,Cost-effectiveness of cognitive-behavioral group therapy for dysfunctional fear of progression in chronic arthritis patients,,,2010,Journal of Public Health,,Oxford University Press,,32,4,547,554,1741-3842,1741-3850,copyright,"© The Author 2010, Published by Oxford University Press on behalf of Faculty of Public Health. All rights reserved",oxford,https://www.swissbib.ch/Search/Results?lookfor=nationallicenceoxford101093pubmedfdq022,http://sru.swissbib.ch/sru/search/defaultdb?query=+dc.anywhere+exact+NATIONALLICENCEoxford101093pubmedfdq022&operation=searchRetrieve&recordSchema=info%3Asrw%2Fschema%2F1%2Fmarcxml-v1.1-light&maximumRecords=10&startRecord=0&recordPacking=XML&availableDBs=defaultdb&sortKeys=Submit+query,http://sru.swissbib.ch/sru/search/defaultdb?query=+dc.anywhere+exact+NATIONALLICENCEoxford101093pubmedfdq022&operation=searchRetrieve&recordSchema=info%3Asrw%2Fschema%2F1%2Fdc-v1.1-light&maximumRecords=10&startRecord=0&recordPacking=XML&availableDBs=defaultdb&sortKeys=Submit+query,http://sru.swissbib.ch/sru/search/defaultdb?query=+dc.anywhere+exact+NATIONALLICENCEoxford101093pubmedfdq022&operation=searchRetrieve&recordSchema=info%3Asru%2Fschema%2Fjson&maximumRecords=10&startRecord=0&recordPacking=XML&availableDBs=defaultdb&sortKeys=Submit+query,
"Amgen (Europe) GmbH, Lucerne, Switzerland Department of Internal Medicine–Hematoonkology, University Hospital, Brno, Czech Republic",T. Skacel,unilu,10.1093/annonc/mdm438,https://doi.org/10.1093/annonc/mdm438,./ANNONC/annonc19-2/abstracts/mdm438.xml,Pegfilgrastim ± ciprofloxacin for primary prophylaxis with TAC (docetaxel/doxorubicin/cyclophosphamide) chemotherapy for breast cancer. Results from the GEPARTRIO study,,,2007,Annals of Oncology,,Oxford University Press,,19,2,292,298,0923-7534,1569-8041,copyright,"© 2007 European Society for Medical Oncology. For Permissions, please email: journals.permissions@oxfordjournals.org",oxford,https://www.swissbib.ch/Search/Results?lookfor=nationallicenceoxford101093annoncmdm438,http://sru.swissbib.ch/sru/search/defaultdb?query=+dc.anywhere+exact+NATIONALLICENCEoxford101093annoncmdm438&operation=searchRetrieve&recordSchema=info%3Asrw%2Fschema%2F1%2Fmarcxml-v1.1-light&maximumRecords=10&startRecord=0&recordPacking=XML&availableDBs=defaultdb&sortKeys=Submit+query,http://sru.swissbib.ch/sru/search/defaultdb?query=+dc.anywhere+exact+NATIONALLICENCEoxford101093annoncmdm438&operation=searchRetrieve&recordSchema=info%3Asrw%2Fschema%2F1%2Fdc-v1.1-light&maximumRecords=10&startRecord=0&recordPacking=XML&availableDBs=defaultdb&sortKeys=Submit+query,http://sru.swissbib.ch/sru/search/defaultdb?query=+dc.anywhere+exact+NATIONALLICENCEoxford101093annoncmdm438&operation=searchRetrieve&recordSchema=info%3Asru%2Fschema%2Fjson&maximumRecords=10&startRecord=0&recordPacking=XML&availableDBs=defaultdb&sortKeys=Submit+query,
"Department of Medicine, Louisiana State University Health Sciences Center, Scleroderma and Sarcoidosis Patient Care and Research Center, Section of Rheumatology, New Orleans, LA, USA, ICF Research Branch in cooperation with the WHO Collaborating Centre for the Family of International Classifications in Germany (at DIMDI), Nottwil, Switzerland, Department of Health Sciences and Health Policy, University of Lucerne, Lucerne, Switzerland, Department of Mathematics and Statistics, University of Northern British Columbia, Prince George, Canada, Royal Free Hospital Centre for Rheumatology, Scleroderma Unit, London, UK, The Scleroderma Society, Chichester, UK and Department of Rheumatology, University Hospital Zurich, Zurich, Switzerland. E-mail: ctd.ild@gmail.com",Lesley Ann Saketkoo,unilu,10.1093/rheumatology/kes185,https://doi.org/10.1093/rheumatology/kes185,./BRHEUM/brheum51-12/abstracts/kes185.xml,"International Classification of Functioning, Disability and Health Core Set construction in systemic sclerosis and other rheumatic diseases: a EUSTAR initiative",,,2012,Rheumatology,,Oxford University Press,,51,12,2170,2176,1462-0324,1462-0332,copyright,Published by Oxford University Press on behalf of the British Society for Rheumatology 2012.,oxford,https://www.swissbib.ch/Search/Results?lookfor=nationallicenceoxford101093rheumatologykes185,http://sru.swissbib.ch/sru/search/defaultdb?query=+dc.anywhere+exact+NATIONALLICENCEoxford101093rheumatologykes185&operation=searchRetrieve&recordSchema=info%3Asrw%2Fschema%2F1%2Fmarcxml-v1.1-light&maximumRecords=10&startRecord=0&recordPacking=XML&availableDBs=defaultdb&sortKeys=Submit+query,http://sru.swissbib.ch/sru/search/defaultdb?query=+dc.anywhere+exact+NATIONALLICENCEoxford101093rheumatologykes185&operation=searchRetrieve&recordSchema=info%3Asrw%2Fschema%2F1%2Fdc-v1.1-light&maximumRecords=10&startRecord=0&recordPacking=XML&availableDBs=defaultdb&sortKeys=Submit+query,http://sru.swissbib.ch/sru/search/defaultdb?query=+dc.anywhere+exact+NATIONALLICENCEoxford101093rheumatologykes185&operation=searchRetrieve&recordSchema=info%3Asru%2Fschema%2Fjson&maximumRecords=10&startRecord=0&recordPacking=XML&availableDBs=defaultdb&sortKeys=Submit+query,
"Department of Cardiology, University Hospital Basel, Basel, Switzerland, 2Department of Cardiology, Kantonsspital St. Gallen, St. Gallen, Switzerland, 3Department of Internal Medicine, University Hospital Zurich, Zurich, Switzerland, 4Department of Cardiology, Kantonsspital Luzern, Luzern, Switzerland, 5Department of Cardiology, Kantonsspital Liestal, Liestal, Switzerland, 6Department of Cardiology, Kantonsspital Bruderholz, Bruderholz, Switzerland and 7Department of Cardiology, Maastricht University Medical Centre (MUMC), Maastricht, The Netherlands Address correspondence to Dr T. Burkard, Department of Cardiology, University Hospital Basel, Petersgraben 4, 4031 Basel, Switzerland. email: thilo.burkard@usb.ch",T. Burkard,unilu,10.1093/qjmed/hct205,https://doi.org/10.1093/qjmed/hct205,./qjmedj.tar.gz/qjmedj/abstracts/hct205.xml,Prognostic impact of systemic inflammatory diseases in elderly patients with congestive heart failure,,,2014,QJM: An International Journal of Medicine,,Oxford University Press,,107,2,131,138,1460-2725,1460-2393,copyright,"© The Author 2013. Published by Oxford University Press on behalf of the Association of Physicians. All rights reserved. For Permissions, please email: journals.permissions@oup.com",oxford,https://www.swissbib.ch/Search/Results?lookfor=nationallicenceoxford101093qjmedhct205,http://sru.swissbib.ch/sru/search/defaultdb?query=+dc.anywhere+exact+NATIONALLICENCEoxford101093qjmedhct205&operation=searchRetrieve&recordSchema=info%3Asrw%2Fschema%2F1%2Fmarcxml-v1.1-light&maximumRecords=10&startRecord=0&recordPacking=XML&availableDBs=defaultdb&sortKeys=Submit+query,http://sru.swissbib.ch/sru/search/defaultdb?query=+dc.anywhere+exact+NATIONALLICENCEoxford101093qjmedhct205&operation=searchRetrieve&recordSchema=info%3Asrw%2Fschema%2F1%2Fdc-v1.1-light&maximumRecords=10&startRecord=0&recordPacking=XML&availableDBs=defaultdb&sortKeys=Submit+query,http://sru.swissbib.ch/sru/search/defaultdb?query=+dc.anywhere+exact+NATIONALLICENCEoxford101093qjmedhct205&operation=searchRetrieve&recordSchema=info%3Asru%2Fschema%2Fjson&maximumRecords=10&startRecord=0&recordPacking=XML&availableDBs=defaultdb&sortKeys=Submit+query,
"Department for the Study of Religions, University of Lucerne, Switzerland",Samuel M. Behloul,unilu,10.1093/rsq/hdi0224,https://doi.org/10.1093/rsq/hdi0224,./REFQTL/refqtl26-2/abstracts/hdi0224.xml,From “problematic” foreigners to “unproblematic” Muslims: Bosnians in the Swiss Islam-discourse,,,2007,Refugee Survey Quarterly,,Oxford University Press,,26,2,22,35,1020-4067,1471-695X,copyright,"© UNHCR 2007, all rights reserved",oxford,https://www.swissbib.ch/Search/Results?lookfor=nationallicenceoxford101093rsqhdi0224,http://sru.swissbib.ch/sru/search/defaultdb?query=+dc.anywhere+exact+NATIONALLICENCEoxford101093rsqhdi0224&operation=searchRetrieve&recordSchema=info%3Asrw%2Fschema%2F1%2Fmarcxml-v1.1-light&maximumRecords=10&startRecord=0&recordPacking=XML&availableDBs=defaultdb&sortKeys=Submit+query,http://sru.swissbib.ch/sru/search/defaultdb?query=+dc.anywhere+exact+NATIONALLICENCEoxford101093rsqhdi0224&operation=searchRetrieve&recordSchema=info%3Asrw%2Fschema%2F1%2Fdc-v1.1-light&maximumRecords=10&startRecord=0&recordPacking=XML&availableDBs=defaultdb&sortKeys=Submit+query,http://sru.swissbib.ch/sru/search/defaultdb?query=+dc.anywhere+exact+NATIONALLICENCEoxford101093rsqhdi0224&operation=searchRetrieve&recordSchema=info%3Asru%2Fschema%2Fjson&maximumRecords=10&startRecord=0&recordPacking=XML&availableDBs=defaultdb&sortKeys=Submit+query,
"2 Division of Neuropsychology, Centre of Neurology, Hertie-Institute for Clinical Brain Research, University of Tübingen, 72074 Tübingen, Germany 3 Department of Neurology, County Hospital Lucerne, Lucerne CH-6000, Switzerland",Elisabeth Huberle,unilu,10.1093/brain/aws066,https://doi.org/10.1093/brain/aws066,./BRAINJ/brainj135-5/abstracts/aws066.xml,Enabling global processing in simultanagnosia by psychophysical biasing of visual pathways,,,2012,Brain,,Oxford University Press,,135,5,1578,1585,0006-8950,1460-2156,copyright,"© The Author (2012). Published by Oxford University Press on behalf of the Guarantors of Brain. All rights reserved. For Permissions, please email: journals.permissions@oup.com",oxford,https://www.swissbib.ch/Search/Results?lookfor=nationallicenceoxford101093brainaws066,http://sru.swissbib.ch/sru/search/defaultdb?query=+dc.anywhere+exact+NATIONALLICENCEoxford101093brainaws066&operation=searchRetrieve&recordSchema=info%3Asrw%2Fschema%2F1%2Fmarcxml-v1.1-light&maximumRecords=10&startRecord=0&recordPacking=XML&availableDBs=defaultdb&sortKeys=Submit+query,http://sru.swissbib.ch/sru/search/defaultdb?query=+dc.anywhere+exact+NATIONALLICENCEoxford101093brainaws066&operation=searchRetrieve&recordSchema=info%3Asrw%2Fschema%2F1%2Fdc-v1.1-light&maximumRecords=10&startRecord=0&recordPacking=XML&availableDBs=defaultdb&sortKeys=Submit+query,http://sru.swissbib.ch/sru/search/defaultdb?query=+dc.anywhere+exact+NATIONALLICENCEoxford101093brainaws066&operation=searchRetrieve&recordSchema=info%3Asru%2Fschema%2Fjson&maximumRecords=10&startRecord=0&recordPacking=XML&availableDBs=defaultdb&sortKeys=Submit+query,
"*Department of Economics, University of Lucerne, PO Box 4466, 6002 Lucerne, Switzerland, KOF-Swiss Economic Institute, and CREMA; e-mail: simon.luechinger@unilu.ch E-mail: simon.luechinger@unilu.ch",Simon Luechinger,unilu,10.1093/oep/gpt006,https://doi.org/10.1093/oep/gpt006,./OEP/oep66-2/abstracts/gpt006.xml,"Governance, bureaucratic rents, and well-being differentials across US states",,,2014,Oxford Economic Papers,,Oxford University Press,,66,2,443,464,0030-7653,1464-3812,copyright,© Oxford University Press 2013 All rights reserved,oxford,https://www.swissbib.ch/Search/Results?lookfor=nationallicenceoxford101093oepgpt006,http://sru.swissbib.ch/sru/search/defaultdb?query=+dc.anywhere+exact+NATIONALLICENCEoxford101093oepgpt006&operation=searchRetrieve&recordSchema=info%3Asrw%2Fschema%2F1%2Fmarcxml-v1.1-light&maximumRecords=10&startRecord=0&recordPacking=XML&availableDBs=defaultdb&sortKeys=Submit+query,http://sru.swissbib.ch/sru/search/defaultdb?query=+dc.anywhere+exact+NATIONALLICENCEoxford101093oepgpt006&operation=searchRetrieve&recordSchema=info%3Asrw%2Fschema%2F1%2Fdc-v1.1-light&maximumRecords=10&startRecord=0&recordPacking=XML&availableDBs=defaultdb&sortKeys=Submit+query,http://sru.swissbib.ch/sru/search/defaultdb?query=+dc.anywhere+exact+NATIONALLICENCEoxford101093oepgpt006&operation=searchRetrieve&recordSchema=info%3Asru%2Fschema%2Fjson&maximumRecords=10&startRecord=0&recordPacking=XML&availableDBs=defaultdb&sortKeys=Submit+query,
"Laboratory of Clinical Thrombosis and Haemostasis, and Cardiovascular Research Institute, Maastricht University Medical Center, P.O. Box 616, Maastricht 6229 ER, The Netherlands Division of Haematology and Central Haematology Laboratory, Luzerner Kantonsspital, Lucerne 16 CH-6000, Switzerland E-mail: m.nagler@maastrichtuniversity.nl",Michael Nagler,unilu,10.1093/europace/euv107,https://doi.org/10.1093/europace/euv107,./europace/europace17/abstracts/euv107.xml,Adherence to treatment with non-vitamin K antagonist anticoagulants: once- vs. twice-daily regimens,,,2015,EP Europace,,Oxford University Press,2018-08-01,17,8,1316,1316,1099-5129,1532-2092,copyright,Published on behalf of the European Society of Cardiology. All rights reserved. © The Author 2015. For permissions please email: journals.permissions@oup.com.,oxford,https://www.swissbib.ch/Search/Results?lookfor=nationallicenceoxford101093europaceeuv107,http://sru.swissbib.ch/sru/search/defaultdb?query=+dc.anywhere+exact+NATIONALLICENCEoxford101093europaceeuv107&operation=searchRetrieve&recordSchema=info%3Asrw%2Fschema%2F1%2Fmarcxml-v1.1-light&maximumRecords=10&startRecord=0&recordPacking=XML&availableDBs=defaultdb&sortKeys=Submit+query,http://sru.swissbib.ch/sru/search/defaultdb?query=+dc.anywhere+exact+NATIONALLICENCEoxford101093europaceeuv107&operation=searchRetrieve&recordSchema=info%3Asrw%2Fschema%2F1%2Fdc-v1.1-light&maximumRecords=10&startRecord=0&recordPacking=XML&availableDBs=defaultdb&sortKeys=Submit+query,http://sru.swissbib.ch/sru/search/defaultdb?query=+dc.anywhere+exact+NATIONALLICENCEoxford101093europaceeuv107&operation=searchRetrieve&recordSchema=info%3Asru%2Fschema%2Fjson&maximumRecords=10&startRecord=0&recordPacking=XML&availableDBs=defaultdb&sortKeys=Submit+query,
"Oxford Heart Centre, NIHR Biomedical Research Centre, Oxford University Hospitals, Headley Way, Oxford OX39DU, UK Department of Cardiology, LuzernerKantonsspital, Luzern, Switzerland",Florim Cuculi,unilu,10.1093/eurheartj/ehv353,https://doi.org/10.1093/eurheartj/ehv353,./eurheartj/eurheartj36-45/abstracts/ehv353.xml,How does coronary stent implantation impact on the status of the microcirculation during primary percutaneous coronary intervention in patients with ST-elevation myocardial infarction?,,,2015,European Heart Journal,,Oxford University Press,2018-12-01,36,45,3165,3177,0195-668X,1522-9645,creative-commons,"This is an Open Access article distributed under the terms of the Creative Commons Attribution Non-Commercial License (http://creativecommons.org/licenses/by-nc/4.0/), which permits non-commercial re-use, distribution, and reproduction in any medium, provided the original work is properly cited. For commercial re-use, please contact journals.permissions@oup.com",oxford,https://www.swissbib.ch/Search/Results?lookfor=nationallicenceoxford101093eurheartjehv353,http://sru.swissbib.ch/sru/search/defaultdb?query=+dc.anywhere+exact+NATIONALLICENCEoxford101093eurheartjehv353&operation=searchRetrieve&recordSchema=info%3Asrw%2Fschema%2F1%2Fmarcxml-v1.1-light&maximumRecords=10&startRecord=0&recordPacking=XML&availableDBs=defaultdb&sortKeys=Submit+query,http://sru.swissbib.ch/sru/search/defaultdb?query=+dc.anywhere+exact+NATIONALLICENCEoxford101093eurheartjehv353&operation=searchRetrieve&recordSchema=info%3Asrw%2Fschema%2F1%2Fdc-v1.1-light&maximumRecords=10&startRecord=0&recordPacking=XML&availableDBs=defaultdb&sortKeys=Submit+query,http://sru.swissbib.ch/sru/search/defaultdb?query=+dc.anywhere+exact+NATIONALLICENCEoxford101093eurheartjehv353&operation=searchRetrieve&recordSchema=info%3Asru%2Fschema%2Fjson&maximumRecords=10&startRecord=0&recordPacking=XML&availableDBs=defaultdb&sortKeys=Submit+query,
"University Department of Anaesthesiology and Pain Therapy, University Hospital of Bern and University of Bern, CH-3010 Bern, Switzerland Department of Anaesthesiology, Intensive Care and Pain Medicine, St Anna Clinic, CH-6006 Lucerne, Switzerland E-mail: urs.eichenberger@hirslanden.ch",U. Eichenberger,unilu,10.1093/bja/aet028,https://doi.org/10.1093/bja/aet028,./BJAINT/bjaint111-2/abstracts/aet028.xml,Ilioinguinal and iliohypogastric nerves cannot be selectively blocked by using ultrasound guidance: a volunteer study,,,2013,British Journal of Anaesthesia,,Oxford University Press,,111,2,264,270,0007-0912,1471-6771,copyright,"© The Author [2013]. Published by Oxford University Press on behalf of the British Journal of Anaesthesia. All rights reserved. For Permissions, please email: journals.permissions@oup.com",oxford,https://www.swissbib.ch/Search/Results?lookfor=nationallicenceoxford101093bjaaet028,http://sru.swissbib.ch/sru/search/defaultdb?query=+dc.anywhere+exact+NATIONALLICENCEoxford101093bjaaet028&operation=searchRetrieve&recordSchema=info%3Asrw%2Fschema%2F1%2Fmarcxml-v1.1-light&maximumRecords=10&startRecord=0&recordPacking=XML&availableDBs=defaultdb&sortKeys=Submit+query,http://sru.swissbib.ch/sru/search/defaultdb?query=+dc.anywhere+exact+NATIONALLICENCEoxford101093bjaaet028&operation=searchRetrieve&recordSchema=info%3Asrw%2Fschema%2F1%2Fdc-v1.1-light&maximumRecords=10&startRecord=0&recordPacking=XML&availableDBs=defaultdb&sortKeys=Submit+query,http://sru.swissbib.ch/sru/search/defaultdb?query=+dc.anywhere+exact+NATIONALLICENCEoxford101093bjaaet028&operation=searchRetrieve&recordSchema=info%3Asru%2Fschema%2Fjson&maximumRecords=10&startRecord=0&recordPacking=XML&availableDBs=defaultdb&sortKeys=Submit+query,
"Department of Clinical Research, CTU Bern, University of Bern, Switzerland Swiss Paraplegic Research (SPF), Nottwil, Switzerland Department of Health Sciences and Health Policy, University of Lucerne, Switzerland",A. Gemperli,unilu,10.1017/S0033291714000853,https://doi.org/10.1017/S0033291714000853,./PSM/PSM44_15/S0033291714000853h.xml,Integrating fragmented evidence by network meta-analysis: relative effectiveness of psychological interventions for adults with post-traumatic stress disorder,,,2014,Psychological Medicine,,Cambridge University Press,2019-11-01,44,15,3151,3164,0033-2917,1469-8978,copyright,Copyright © Cambridge University Press 2014 ,cambridge,https://www.swissbib.ch/Search/Results?lookfor=nationallicencecambridge101017S0033291714000853,http://sru.swissbib.ch/sru/search/defaultdb?query=+dc.anywhere+exact+NATIONALLICENCEcambridge101017S0033291714000853&operation=searchRetrieve&recordSchema=info%3Asrw%2Fschema%2F1%2Fmarcxml-v1.1-light&maximumRecords=10&startRecord=0&recordPacking=XML&availableDBs=defaultdb&sortKeys=Submit+query,http://sru.swissbib.ch/sru/search/defaultdb?query=+dc.anywhere+exact+NATIONALLICENCEcambridge101017S0033291714000853&operation=searchRetrieve&recordSchema=info%3Asrw%2Fschema%2F1%2Fdc-v1.1-light&maximumRecords=10&startRecord=0&recordPacking=XML&availableDBs=defaultdb&sortKeys=Submit+query,http://sru.swissbib.ch/sru/search/defaultdb?query=+dc.anywhere+exact+NATIONALLICENCEcambridge101017S0033291714000853&operation=searchRetrieve&recordSchema=info%3Asru%2Fschema%2Fjson&maximumRecords=10&startRecord=0&recordPacking=XML&availableDBs=defaultdb&sortKeys=Submit+query,
University of Lucerne E-mail: christoph.hoffmann@unilu.ch E-mail: christoph.hoffmann@unilu.ch,Christoph Hoffmann,unilu,10.1017/S0269889713000069,https://doi.org/10.1017/S0269889713000069,./SIC/SIC26_02/S0269889713000069h.xml,Processes on Paper: Writing Procedures as Non-Material Research Devices,,,2013,Science in Context,,Cambridge University Press,2018-06-01,26,2,279,303,0269-8897,1474-0664,copyright,Copyright © Cambridge University Press 2013,cambridge,https://www.swissbib.ch/Search/Results?lookfor=nationallicencecambridge101017S0269889713000069,http://sru.swissbib.ch/sru/search/defaultdb?query=+dc.anywhere+exact+NATIONALLICENCEcambridge101017S0269889713000069&operation=searchRetrieve&recordSchema=info%3Asrw%2Fschema%2F1%2Fmarcxml-v1.1-light&maximumRecords=10&startRecord=0&recordPacking=XML&availableDBs=defaultdb&sortKeys=Submit+query,http://sru.swissbib.ch/sru/search/defaultdb?query=+dc.anywhere+exact+NATIONALLICENCEcambridge101017S0269889713000069&operation=searchRetrieve&recordSchema=info%3Asrw%2Fschema%2F1%2Fdc-v1.1-light&maximumRecords=10&startRecord=0&recordPacking=XML&availableDBs=defaultdb&sortKeys=Submit+query,http://sru.swissbib.ch/sru/search/defaultdb?query=+dc.anywhere+exact+NATIONALLICENCEcambridge101017S0269889713000069&operation=searchRetrieve&recordSchema=info%3Asru%2Fschema%2Fjson&maximumRecords=10&startRecord=0&recordPacking=XML&availableDBs=defaultdb&sortKeys=Submit+query,
"Swiss National Science Foundation Research Professor, Institute for Political Science, University of Lucerne, Switzerland E-mail: Andre.Baechtiger@unilu.ch",André Bächtiger,unilu,10.1017/S1755773912000057,https://doi.org/10.1017/S1755773912000057,./EPR/EPR5_01/S1755773912000057h.xml,Religious reasons in the public sphere: an empirical study of religious actors’ argumentative patterns in Swiss direct democratic campaigns,,,2013,European Political Science Review,,Cambridge University Press,2018-03-01,5,1,105,131,1755-7739,1755-7747,copyright,Copyright © European Consortium for Political Research 2012,cambridge,https://www.swissbib.ch/Search/Results?lookfor=nationallicencecambridge101017S1755773912000057,http://sru.swissbib.ch/sru/search/defaultdb?query=+dc.anywhere+exact+NATIONALLICENCEcambridge101017S1755773912000057&operation=searchRetrieve&recordSchema=info%3Asrw%2Fschema%2F1%2Fmarcxml-v1.1-light&maximumRecords=10&startRecord=0&recordPacking=XML&availableDBs=defaultdb&sortKeys=Submit+query,http://sru.swissbib.ch/sru/search/defaultdb?query=+dc.anywhere+exact+NATIONALLICENCEcambridge101017S1755773912000057&operation=searchRetrieve&recordSchema=info%3Asrw%2Fschema%2F1%2Fdc-v1.1-light&maximumRecords=10&startRecord=0&recordPacking=XML&availableDBs=defaultdb&sortKeys=Submit+query,http://sru.swissbib.ch/sru/search/defaultdb?query=+dc.anywhere+exact+NATIONALLICENCEcambridge101017S1755773912000057&operation=searchRetrieve&recordSchema=info%3Asru%2Fschema%2Fjson&maximumRecords=10&startRecord=0&recordPacking=XML&availableDBs=defaultdb&sortKeys=Submit+query,
"Soziologisches Seminar, Kultur- und Sozialwissenschaftliche Fakultät,Universität Luzern E-mail: takemitsu.morikawa@unilu.ch",Takemitsu Morikawa,unilu,10.1515/asia-2014-0020,https://doi.org/10.1515/asia-2014-0020,./j/asia.2014.68.issue-1/asia-2014-0020/asia-2014-0020.xml,Rezensionen – Comptes rendus – Reviews,,,2014,Asiatische Studien – Études Asiatiques,,De Gruyter,,68,1,427,431,0004-4717,2235-5871,copyright,©2014 by Walter de Gruyter Berlin/Boston,gruyter,https://www.swissbib.ch/Search/Results?lookfor=nationallicencegruyter101515asia20140020,http://sru.swissbib.ch/sru/search/defaultdb?query=+dc.anywhere+exact+NATIONALLICENCEgruyter101515asia20140020&operation=searchRetrieve&recordSchema=info%3Asrw%2Fschema%2F1%2Fmarcxml-v1.1-light&maximumRecords=10&startRecord=0&recordPacking=XML&availableDBs=defaultdb&sortKeys=Submit+query,http://sru.swissbib.ch/sru/search/defaultdb?query=+dc.anywhere+exact+NATIONALLICENCEgruyter101515asia20140020&operation=searchRetrieve&recordSchema=info%3Asrw%2Fschema%2F1%2Fdc-v1.1-light&maximumRecords=10&startRecord=0&recordPacking=XML&availableDBs=defaultdb&sortKeys=Submit+query,http://sru.swissbib.ch/sru/search/defaultdb?query=+dc.anywhere+exact+NATIONALLICENCEgruyter101515asia20140020&operation=searchRetrieve&recordSchema=info%3Asru%2Fschema%2Fjson&maximumRecords=10&startRecord=0&recordPacking=XML&availableDBs=defaultdb&sortKeys=Submit+query,
*Forscher am Europäischen Hochschulinstitut in Florenz und Lehrbeauftragter an der Universität Luzern.,Kai P. Purnhagen,unilu,10.1515/JURA.2009.661,https://doi.org/10.1515/JURA.2009.661,./j/jura.2009.31.issue-9/jura.2009.661/jura.2009.661.xml,Grundlagen der Rechtsphänomenologie,,,2009,JURA - Juristische Ausbildung,,Walter de Gruyter GmbH & Co. KG,,31,9,661,668,0170-1452,1612-7021,copyright,"© Copyright 2009 by De Gruyter Rechtswissenschaften Verlags-GmbH, Berlin",gruyter,https://www.swissbib.ch/Search/Results?lookfor=nationallicencegruyter101515JURA2009661,http://sru.swissbib.ch/sru/search/defaultdb?query=+dc.anywhere+exact+NATIONALLICENCEgruyter101515JURA2009661&operation=searchRetrieve&recordSchema=info%3Asrw%2Fschema%2F1%2Fmarcxml-v1.1-light&maximumRecords=10&startRecord=0&recordPacking=XML&availableDBs=defaultdb&sortKeys=Submit+query,http://sru.swissbib.ch/sru/search/defaultdb?query=+dc.anywhere+exact+NATIONALLICENCEgruyter101515JURA2009661&operation=searchRetrieve&recordSchema=info%3Asrw%2Fschema%2F1%2Fdc-v1.1-light&maximumRecords=10&startRecord=0&recordPacking=XML&availableDBs=defaultdb&sortKeys=Submit+query,http://sru.swissbib.ch/sru/search/defaultdb?query=+dc.anywhere+exact+NATIONALLICENCEgruyter101515JURA2009661&operation=searchRetrieve&recordSchema=info%3Asru%2Fschema%2Fjson&maximumRecords=10&startRecord=0&recordPacking=XML&availableDBs=defaultdb&sortKeys=Submit+query,
"Swiss Paraplegic Research, Nottwil, Switzerland, University of Lucerne, Lucerne, Switzerland",M. Brinkhof,unilu,10.1093/ije/dyv096.160,https://doi.org/10.1093/ije/dyv096.160,./ije.tar.gz/ije/abstracts/dyv096.160.xml,"The Impact of Folic Acid Food Fortification on Global Incidence of Neural Tube Defects: Systematic Review, Meta-Analysis and Estimate of Preventable Cases.",,,2015,International Journal of Epidemiology,,Oxford University Press,2018-10-01,44,,i143,i143,0300-5771,1464-3685,copyright,© The Author 2015; all rights reserved. Published by Oxford University Press on behalf of the International Epidemiological Association,oxford,https://www.swissbib.ch/Search/Results?lookfor=nationallicenceoxford101093ijedyv096160,http://sru.swissbib.ch/sru/search/defaultdb?query=+dc.anywhere+exact+NATIONALLICENCEoxford101093ijedyv096160&operation=searchRetrieve&recordSchema=info%3Asrw%2Fschema%2F1%2Fmarcxml-v1.1-light&maximumRecords=10&startRecord=0&recordPacking=XML&availableDBs=defaultdb&sortKeys=Submit+query,http://sru.swissbib.ch/sru/search/defaultdb?query=+dc.anywhere+exact+NATIONALLICENCEoxford101093ijedyv096160&operation=searchRetrieve&recordSchema=info%3Asrw%2Fschema%2F1%2Fdc-v1.1-light&maximumRecords=10&startRecord=0&recordPacking=XML&availableDBs=defaultdb&sortKeys=Submit+query,http://sru.swissbib.ch/sru/search/defaultdb?query=+dc.anywhere+exact+NATIONALLICENCEoxford101093ijedyv096160&operation=searchRetrieve&recordSchema=info%3Asru%2Fschema%2Fjson&maximumRecords=10&startRecord=0&recordPacking=XML&availableDBs=defaultdb&sortKeys=Submit+query,
"Prof. Dr. iur., LLM Daniel Girsberger is a founding member of the Faculty of Law of the University of Lucerne (www.unilu.ch) and a tenured professor for Swiss and International Private, Business and Procedural, as well as Comparative Law. He is a member and co-founder of the Swiss Arbitration Academy and the author of numerous publications focusing primarily on international private law and arbitration including a leading textbook in the English language on international arbitration in Switzerland. He has frequently acted as arbitrator and counsel in international commercial arbitration proceedings.",Daniel Girsberger,unilu,10.1093/arbitration/26.1.165,https://doi.org/10.1093/arbitration/26.1.165,./ARBITRATION/arbitration26-1/abstracts/arbint26-0165.xml,Agora: International Commercial Arbitration by Gary Born,,,2010,Arbitration International,,Oxford University Press,,26,1,165,175,0957-0411,1875-8398,copyright,© 2010 LCIA,oxford,https://www.swissbib.ch/Search/Results?lookfor=nationallicenceoxford101093arbitration261165,http://sru.swissbib.ch/sru/search/defaultdb?query=+dc.anywhere+exact+NATIONALLICENCEoxford101093arbitration261165&operation=searchRetrieve&recordSchema=info%3Asrw%2Fschema%2F1%2Fmarcxml-v1.1-light&maximumRecords=10&startRecord=0&recordPacking=XML&availableDBs=defaultdb&sortKeys=Submit+query,http://sru.swissbib.ch/sru/search/defaultdb?query=+dc.anywhere+exact+NATIONALLICENCEoxford101093arbitration261165&operation=searchRetrieve&recordSchema=info%3Asrw%2Fschema%2F1%2Fdc-v1.1-light&maximumRecords=10&startRecord=0&recordPacking=XML&availableDBs=defaultdb&sortKeys=Submit+query,http://sru.swissbib.ch/sru/search/defaultdb?query=+dc.anywhere+exact+NATIONALLICENCEoxford101093arbitration261165&operation=searchRetrieve&recordSchema=info%3Asru%2Fschema%2Fjson&maximumRecords=10&startRecord=0&recordPacking=XML&availableDBs=defaultdb&sortKeys=Submit+query,
"Department of Clinical Research, University Hospital, Inselspital, Bern, Switzerland; Neurology and Neurorehabilitation Center, Kantonsspital Luzern, Luzern, Switzerland;",Tim Vanbellingen,unilu,10.1093/schbul/sbu222,https://doi.org/10.1093/schbul/sbu222,./schbul/schbul41/abstracts/sbu222.xml,Nonverbal Social Communication and Gesture Control in Schizophrenia,,,2015,Schizophrenia Bulletin,,Oxford University Press,2018-03-01,41,2,338,345,0586-7614,1745-1701,copyright,"© The Author 2015. Published by Oxford University Press on behalf of the Maryland Psychiatric Research Center. All rights reserved. For permissions, please email: journals.permissions@oup.com",oxford,https://www.swissbib.ch/Search/Results?lookfor=nationallicenceoxford101093schbulsbu222,http://sru.swissbib.ch/sru/search/defaultdb?query=+dc.anywhere+exact+NATIONALLICENCEoxford101093schbulsbu222&operation=searchRetrieve&recordSchema=info%3Asrw%2Fschema%2F1%2Fmarcxml-v1.1-light&maximumRecords=10&startRecord=0&recordPacking=XML&availableDBs=defaultdb&sortKeys=Submit+query,http://sru.swissbib.ch/sru/search/defaultdb?query=+dc.anywhere+exact+NATIONALLICENCEoxford101093schbulsbu222&operation=searchRetrieve&recordSchema=info%3Asrw%2Fschema%2F1%2Fdc-v1.1-light&maximumRecords=10&startRecord=0&recordPacking=XML&availableDBs=defaultdb&sortKeys=Submit+query,http://sru.swissbib.ch/sru/search/defaultdb?query=+dc.anywhere+exact+NATIONALLICENCEoxford101093schbulsbu222&operation=searchRetrieve&recordSchema=info%3Asru%2Fschema%2Fjson&maximumRecords=10&startRecord=0&recordPacking=XML&availableDBs=defaultdb&sortKeys=Submit+query,
"Rheumazentrum Ruhrgebiet, Herne, Germany, Department of Rheumatology, Leiden University Medical Center, Leiden, The Netherlands, Institute for Health and Rehabilitation Sciences (IHRS), Research Unit for Biopsychosocial Health, Ludwig-Maximilians-University, Munich, Germany, Swiss Paraplegic Research (SPF), ICF Research Branch, WHO FIC CC Germany (DIMDI) at SPF, Nottwil, Switzerland, Department of Internal Medicine, Division of Rheumatology, Maastricht University Medical Center, Maastricht, The Netherlands, Department of Health Sciences and Health Policy, University of Lucerne, Lucerne, Switzerland and World Health Organization, CTS Team, Geneva, Switzerland. E-mail: kiltz@rheumazentrum-ruhrgebiet.de",Uta Kiltz,unilu,10.1093/rheumatology/keq315,https://doi.org/10.1093/rheumatology/keq315,./BRHEUM/brheum50-5/abstracts/keq315.xml,Developing and validating an index for measuring health in patients with ankylosing spondylitis,,,2011,Rheumatology,,Oxford University Press,,50,5,894,898,1462-0324,1462-0332,copyright,"© The Author 2010. Published by Oxford University Press on behalf of the British Society for Rheumatology. All rights reserved. For Permissions, please email: journals.permissions@oup.com",oxford,https://www.swissbib.ch/Search/Results?lookfor=nationallicenceoxford101093rheumatologykeq315,http://sru.swissbib.ch/sru/search/defaultdb?query=+dc.anywhere+exact+NATIONALLICENCEoxford101093rheumatologykeq315&operation=searchRetrieve&recordSchema=info%3Asrw%2Fschema%2F1%2Fmarcxml-v1.1-light&maximumRecords=10&startRecord=0&recordPacking=XML&availableDBs=defaultdb&sortKeys=Submit+query,http://sru.swissbib.ch/sru/search/defaultdb?query=+dc.anywhere+exact+NATIONALLICENCEoxford101093rheumatologykeq315&operation=searchRetrieve&recordSchema=info%3Asrw%2Fschema%2F1%2Fdc-v1.1-light&maximumRecords=10&startRecord=0&recordPacking=XML&availableDBs=defaultdb&sortKeys=Submit+query,http://sru.swissbib.ch/sru/search/defaultdb?query=+dc.anywhere+exact+NATIONALLICENCEoxford101093rheumatologykeq315&operation=searchRetrieve&recordSchema=info%3Asru%2Fschema%2Fjson&maximumRecords=10&startRecord=0&recordPacking=XML&availableDBs=defaultdb&sortKeys=Submit+query,
"Louisiana State University Scleroderma and Sarcoidosis Patient Care and Research Center, New Orleans, USA, ICF Research Branch in cooperation with the WHO Collaborating Centre for the Family of International Classifications, Nottwil, Department of Health Sciences and Health Policy, University of Lucerne, Lucerne, Switzerland, Department of Mathematics and Statistics, University of Northern British Columbia, Prince George, Canada, Royal Free Hospital, Scleroderma Unit, London, Scleroderma Society, Chichester, UK and Department of Rheumatology, University Hospital Zurich, Zurich, Switzerland.",L. A. Saketkoo,unilu,10.1093/rheumatology/ker485,https://doi.org/10.1093/rheumatology/ker485,./BRHEUM/brheum51-suppl_2/abstracts/ker485.xml,S.11.1 Influence of digital ulcer healing on disability and daily activity limitations in SSc,,,2012,Rheumatology,,Oxford University Press,,51,,ii20,ii23,1462-0324,1462-0332,copyright,"© The Author 2012. Published by Oxford University Press on behalf of the British Society for Rheumatology. All rights reserved. For Permissions, please email: journals.permissions@oup.com",oxford,https://www.swissbib.ch/Search/Results?lookfor=nationallicenceoxford101093rheumatologyker485,http://sru.swissbib.ch/sru/search/defaultdb?query=+dc.anywhere+exact+NATIONALLICENCEoxford101093rheumatologyker485&operation=searchRetrieve&recordSchema=info%3Asrw%2Fschema%2F1%2Fmarcxml-v1.1-light&maximumRecords=10&startRecord=0&recordPacking=XML&availableDBs=defaultdb&sortKeys=Submit+query,http://sru.swissbib.ch/sru/search/defaultdb?query=+dc.anywhere+exact+NATIONALLICENCEoxford101093rheumatologyker485&operation=searchRetrieve&recordSchema=info%3Asrw%2Fschema%2F1%2Fdc-v1.1-light&maximumRecords=10&startRecord=0&recordPacking=XML&availableDBs=defaultdb&sortKeys=Submit+query,http://sru.swissbib.ch/sru/search/defaultdb?query=+dc.anywhere+exact+NATIONALLICENCEoxford101093rheumatologyker485&operation=searchRetrieve&recordSchema=info%3Asru%2Fschema%2Fjson&maximumRecords=10&startRecord=0&recordPacking=XML&availableDBs=defaultdb&sortKeys=Submit+query,
"Department of Internal Medicine, University of Basel, Klinik St Anna, Lucerne, Switzerland Correspondence and offprint requests to: Henry N. Hulter;",Reto Krapf,unilu,10.1093/ndt/gfv212,https://doi.org/10.1093/ndt/gfv212,./ndt.tar.gz/ndt/abstracts/gfv212.xml,"Measured glomerular filtration rate is the goal, but how to measure it?",,,2015,Nephrology Dialysis Transplantation,,Oxford University Press,2018-08-01,30,8,1231,1233,0931-0509,1460-2385,copyright,© The Author 2015. Published by Oxford University Press on behalf of ERA-EDTA. All rights reserved.,oxford,https://www.swissbib.ch/Search/Results?lookfor=nationallicenceoxford101093ndtgfv212,http://sru.swissbib.ch/sru/search/defaultdb?query=+dc.anywhere+exact+NATIONALLICENCEoxford101093ndtgfv212&operation=searchRetrieve&recordSchema=info%3Asrw%2Fschema%2F1%2Fmarcxml-v1.1-light&maximumRecords=10&startRecord=0&recordPacking=XML&availableDBs=defaultdb&sortKeys=Submit+query,http://sru.swissbib.ch/sru/search/defaultdb?query=+dc.anywhere+exact+NATIONALLICENCEoxford101093ndtgfv212&operation=searchRetrieve&recordSchema=info%3Asrw%2Fschema%2F1%2Fdc-v1.1-light&maximumRecords=10&startRecord=0&recordPacking=XML&availableDBs=defaultdb&sortKeys=Submit+query,http://sru.swissbib.ch/sru/search/defaultdb?query=+dc.anywhere+exact+NATIONALLICENCEoxford101093ndtgfv212&operation=searchRetrieve&recordSchema=info%3Asru%2Fschema%2Fjson&maximumRecords=10&startRecord=0&recordPacking=XML&availableDBs=defaultdb&sortKeys=Submit+query,
University of Lucerne and Bauhaus-Universität Weimar,Christoph Hoffmann,unilu,10.1017/S0269889713000033,https://doi.org/10.1017/S0269889713000033,./SIC/SIC26_02/S0269889713000033h.xml,Introduction: Knowledge in the Making: Drawing and Writing as Research Techniques,,,2013,Science in Context,,Cambridge University Press,2018-06-01,26,2,203,213,0269-8897,1474-0664,copyright,Copyright © Cambridge University Press 2013,cambridge,https://www.swissbib.ch/Search/Results?lookfor=nationallicencecambridge101017S0269889713000033,http://sru.swissbib.ch/sru/search/defaultdb?query=+dc.anywhere+exact+NATIONALLICENCEcambridge101017S0269889713000033&operation=searchRetrieve&recordSchema=info%3Asrw%2Fschema%2F1%2Fmarcxml-v1.1-light&maximumRecords=10&startRecord=0&recordPacking=XML&availableDBs=defaultdb&sortKeys=Submit+query,http://sru.swissbib.ch/sru/search/defaultdb?query=+dc.anywhere+exact+NATIONALLICENCEcambridge101017S0269889713000033&operation=searchRetrieve&recordSchema=info%3Asrw%2Fschema%2F1%2Fdc-v1.1-light&maximumRecords=10&startRecord=0&recordPacking=XML&availableDBs=defaultdb&sortKeys=Submit+query,http://sru.swissbib.ch/sru/search/defaultdb?query=+dc.anywhere+exact+NATIONALLICENCEcambridge101017S0269889713000033&operation=searchRetrieve&recordSchema=info%3Asru%2Fschema%2Fjson&maximumRecords=10&startRecord=0&recordPacking=XML&availableDBs=defaultdb&sortKeys=Submit+query,
"Swiss National Science Foundation Research Professor, Institute for Political Science, University of Lucerne, Switzerland",André Bächtiger,unilu,10.1017/S1755773912000239,https://doi.org/10.1017/S1755773912000239,./EPR/EPR5_03/S1755773912000239h.xml,Deliberative inclusion of minorities: patterns of reciprocity among linguistic groups in Switzerland,,,2013,European Political Science Review,,Cambridge University Press,2018-11-01,5,3,483,512,1755-7739,1755-7747,copyright,Copyright © European Consortium for Political Research 2012 ,cambridge,https://www.swissbib.ch/Search/Results?lookfor=nationallicencecambridge101017S1755773912000239,http://sru.swissbib.ch/sru/search/defaultdb?query=+dc.anywhere+exact+NATIONALLICENCEcambridge101017S1755773912000239&operation=searchRetrieve&recordSchema=info%3Asrw%2Fschema%2F1%2Fmarcxml-v1.1-light&maximumRecords=10&startRecord=0&recordPacking=XML&availableDBs=defaultdb&sortKeys=Submit+query,http://sru.swissbib.ch/sru/search/defaultdb?query=+dc.anywhere+exact+NATIONALLICENCEcambridge101017S1755773912000239&operation=searchRetrieve&recordSchema=info%3Asrw%2Fschema%2F1%2Fdc-v1.1-light&maximumRecords=10&startRecord=0&recordPacking=XML&availableDBs=defaultdb&sortKeys=Submit+query,http://sru.swissbib.ch/sru/search/defaultdb?query=+dc.anywhere+exact+NATIONALLICENCEcambridge101017S1755773912000239&operation=searchRetrieve&recordSchema=info%3Asru%2Fschema%2Fjson&maximumRecords=10&startRecord=0&recordPacking=XML&availableDBs=defaultdb&sortKeys=Submit+query,
"Universität Luzern, Oberassistent, Luzern 7, Schweiz",Michael Jucker,unilu,10.1524/hzhz.2012.0497,https://doi.org/10.1524/hzhz.2012.0497,./j/hzhz.2012.295.issue-2/hzhz.2012.0497/hzhz.2012.0497.xml,"Jan Keupp, Die Wahl des Gewandes. Mode, Macht und Möglichkeitssinn in Gesellschaft und Politik des Mittelalters. (Mittelalter-Forschungen, Bd. 33.) Ostfildern, Thorbecke 2010",,,2012,Historische Zeitschrift,,Oldenbourg Wissenschaftsverlag GmbH,,295,2,481,,0018-2613,,copyright,"© by Oldenbourg Wissenschaftsverlag, München, Germany",gruyter,https://www.swissbib.ch/Search/Results?lookfor=nationallicencegruyter101524hzhz20120497,http://sru.swissbib.ch/sru/search/defaultdb?query=+dc.anywhere+exact+NATIONALLICENCEgruyter101524hzhz20120497&operation=searchRetrieve&recordSchema=info%3Asrw%2Fschema%2F1%2Fmarcxml-v1.1-light&maximumRecords=10&startRecord=0&recordPacking=XML&availableDBs=defaultdb&sortKeys=Submit+query,http://sru.swissbib.ch/sru/search/defaultdb?query=+dc.anywhere+exact+NATIONALLICENCEgruyter101524hzhz20120497&operation=searchRetrieve&recordSchema=info%3Asrw%2Fschema%2F1%2Fdc-v1.1-light&maximumRecords=10&startRecord=0&recordPacking=XML&availableDBs=defaultdb&sortKeys=Submit+query,http://sru.swissbib.ch/sru/search/defaultdb?query=+dc.anywhere+exact+NATIONALLICENCEgruyter101524hzhz20120497&operation=searchRetrieve&recordSchema=info%3Asru%2Fschema%2Fjson&maximumRecords=10&startRecord=0&recordPacking=XML&availableDBs=defaultdb&sortKeys=Submit+query,
"Department of Economics, University of Lucerne, CH-6002 Lucerne, Switzerland Department of Economics, University of Melbourne, VIC 3110, Australia Study Center Gerzensee, CH-3115 Gerzensee, Switzerland",Roland Hodler,unilu,10.1093/jae/ejr036,https://doi.org/10.1093/jae/ejr036,./JAFECO/jafeco21-1/abstracts/ejr036.xml,Ethnic Fractionalisation and Aid Effectiveness,,,2012,Journal of African Economies,,Oxford University Press,,21,1,65,93,0963-8024,1464-3723,copyright,"© The author 2011. Published by Oxford University Press on behalf of the Centre for the Study of African Economies. All rights reserved. For permissions, please email: journals.permissions@oup.com",oxford,https://www.swissbib.ch/Search/Results?lookfor=nationallicenceoxford101093jaeejr036,http://sru.swissbib.ch/sru/search/defaultdb?query=+dc.anywhere+exact+NATIONALLICENCEoxford101093jaeejr036&operation=searchRetrieve&recordSchema=info%3Asrw%2Fschema%2F1%2Fmarcxml-v1.1-light&maximumRecords=10&startRecord=0&recordPacking=XML&availableDBs=defaultdb&sortKeys=Submit+query,http://sru.swissbib.ch/sru/search/defaultdb?query=+dc.anywhere+exact+NATIONALLICENCEoxford101093jaeejr036&operation=searchRetrieve&recordSchema=info%3Asrw%2Fschema%2F1%2Fdc-v1.1-light&maximumRecords=10&startRecord=0&recordPacking=XML&availableDBs=defaultdb&sortKeys=Submit+query,http://sru.swissbib.ch/sru/search/defaultdb?query=+dc.anywhere+exact+NATIONALLICENCEoxford101093jaeejr036&operation=searchRetrieve&recordSchema=info%3Asru%2Fschema%2Fjson&maximumRecords=10&startRecord=0&recordPacking=XML&availableDBs=defaultdb&sortKeys=Submit+query,
"1 Universität Luzern, Philosophisches Seminar, Luzern 7, Schweiz  Universität Luzern, Philosophisches Seminar, Luzern 7, Schweiz",Martin Hartmann,unilu,10.1524/dzph.2011.0033,https://doi.org/10.1524/dzph.2011.0033,./j/dzph.2011.59.issue-3/dzph.2011.0033/dzph.2011.0033.xml,Neuroökonomie und Neurokapitalismus. Am Beispiel des Vertrauens,,,2011,Deutsche Zeitschrift für Philosophie,,Akademie Verlag GmbH,,59,3,403,418,0012-1045,,copyright,"© by Akademie Verlag, Luzern 7, Germany",gruyter,https://www.swissbib.ch/Search/Results?lookfor=nationallicencegruyter101524dzph20110033,http://sru.swissbib.ch/sru/search/defaultdb?query=+dc.anywhere+exact+NATIONALLICENCEgruyter101524dzph20110033&operation=searchRetrieve&recordSchema=info%3Asrw%2Fschema%2F1%2Fmarcxml-v1.1-light&maximumRecords=10&startRecord=0&recordPacking=XML&availableDBs=defaultdb&sortKeys=Submit+query,http://sru.swissbib.ch/sru/search/defaultdb?query=+dc.anywhere+exact+NATIONALLICENCEgruyter101524dzph20110033&operation=searchRetrieve&recordSchema=info%3Asrw%2Fschema%2F1%2Fdc-v1.1-light&maximumRecords=10&startRecord=0&recordPacking=XML&availableDBs=defaultdb&sortKeys=Submit+query,http://sru.swissbib.ch/sru/search/defaultdb?query=+dc.anywhere+exact+NATIONALLICENCEgruyter101524dzph20110033&operation=searchRetrieve&recordSchema=info%3Asru%2Fschema%2Fjson&maximumRecords=10&startRecord=0&recordPacking=XML&availableDBs=defaultdb&sortKeys=Submit+query,
"Department of Cardiovascular Surgery, University Hospital Zurich, Switzerland Department of Clinical Research, University Hospital Zurich, Switzerland Center for Integrative Human Physiology, University of Zurich, Switzerland *Corresponding author. Address: Department of Thoracic and Cardiovascular Surgery, Canton Hospital Lucerne, 6000 Lucerne 16, Switzerland. Tel.: +41 41 205 45 02; fax: +41 41 205 45 63.",Reza Tavakoli,unilu,10.1016/j.ejcts.2008.12.049,https://doi.org/10.1016/j.ejcts.2008.12.049,./ejcts/ejcts35-5/abstracts/35-5-839.xml,Erythropoietin protects from reperfusion-induced myocardial injury by enhancing coronary endothelial nitric oxide production,,,2009,European Journal of Cardio-Thoracic Surgery,,Elsevier Science B.V.,,35,5,839,846,1010-7940,1873-734X,,,oxford,https://www.swissbib.ch/Search/Results?lookfor=nationallicenceoxford101016jejcts200812049,http://sru.swissbib.ch/sru/search/defaultdb?query=+dc.anywhere+exact+NATIONALLICENCEoxford101016jejcts200812049&operation=searchRetrieve&recordSchema=info%3Asrw%2Fschema%2F1%2Fmarcxml-v1.1-light&maximumRecords=10&startRecord=0&recordPacking=XML&availableDBs=defaultdb&sortKeys=Submit+query,http://sru.swissbib.ch/sru/search/defaultdb?query=+dc.anywhere+exact+NATIONALLICENCEoxford101016jejcts200812049&operation=searchRetrieve&recordSchema=info%3Asrw%2Fschema%2F1%2Fdc-v1.1-light&maximumRecords=10&startRecord=0&recordPacking=XML&availableDBs=defaultdb&sortKeys=Submit+query,http://sru.swissbib.ch/sru/search/defaultdb?query=+dc.anywhere+exact+NATIONALLICENCEoxford101016jejcts200812049&operation=searchRetrieve&recordSchema=info%3Asru%2Fschema%2Fjson&maximumRecords=10&startRecord=0&recordPacking=XML&availableDBs=defaultdb&sortKeys=Submit+query,
"Faculty of Social and Human Sciences, University of Southampton, Southampton, UK, Department of Medical Informatics, Biometry and Epidemiology, Pettenkofer School of Public Health (PSPH), Research Unit for Biopsychosocial Health, Ludwig-Maximilians University, Munich, Germany, Swiss Paraplegic Research, Nottwil, Switzerland, Department of Health Sciences and Health Policy, University of Lucerne, Lucerne, Switzerland, Department of Psychiatry and Human Behavior, Warren Alpert Medical School, Brown University, Providence, RI, USA, Classification, Terminology and Standards, Department of Health Statistics and Informatics, World Health Organization, Geneva, Switzerland, Institute for Aging Research, Social and Health Policy Research, Hebrew SeniorLife, Boston, MA, USA and Surveys, Measurement and Analysis, Department of Measurement and Health Information Systems, World Health Organization, Geneva, Switzerland E-mail: a.cieza@soton.ac.uk",Alarcos Cieza,unilu,10.1093/ije/dyu182,https://doi.org/10.1093/ije/dyu182,./IJE/ije44-1/abstracts/dyu182.xml,The English are healthier than the Americans: really?,,,2015,International Journal of Epidemiology,,Oxford University Press,2018-02-01,44,1,229,238,0300-5771,1464-3685,creative-commons,"This is an Open Access article distributed under the terms of the Creative Commons Attribution Non-Commercial License (http://creativecommons.org/licenses/by-nc/4.0/), which permits non-commercial re-use, distribution, and reproduction in any medium, provided the original work is properly cited. For commercial re-use, please contact journals.permissions@oup.com",oxford,https://www.swissbib.ch/Search/Results?lookfor=nationallicenceoxford101093ijedyu182,http://sru.swissbib.ch/sru/search/defaultdb?query=+dc.anywhere+exact+NATIONALLICENCEoxford101093ijedyu182&operation=searchRetrieve&recordSchema=info%3Asrw%2Fschema%2F1%2Fmarcxml-v1.1-light&maximumRecords=10&startRecord=0&recordPacking=XML&availableDBs=defaultdb&sortKeys=Submit+query,http://sru.swissbib.ch/sru/search/defaultdb?query=+dc.anywhere+exact+NATIONALLICENCEoxford101093ijedyu182&operation=searchRetrieve&recordSchema=info%3Asrw%2Fschema%2F1%2Fdc-v1.1-light&maximumRecords=10&startRecord=0&recordPacking=XML&availableDBs=defaultdb&sortKeys=Submit+query,http://sru.swissbib.ch/sru/search/defaultdb?query=+dc.anywhere+exact+NATIONALLICENCEoxford101093ijedyu182&operation=searchRetrieve&recordSchema=info%3Asru%2Fschema%2Fjson&maximumRecords=10&startRecord=0&recordPacking=XML&availableDBs=defaultdb&sortKeys=Submit+query,
"Paediatric Rheumatology Unit of Western Switzerland, Department of Paediatrics, CHUV, University Hospital of Lausanne, Lausanne, Department of Paediatrics, HUG, Geneva, Switzerland, Paediatric Rheumatology, Department of Paediatrics, Hôpital Pellegrin, Bordeaux, France, Paediatric Rheumatology, University of Gothenburg, Gothenburg, Sweden, Paediatric Rheumatology, Department of Paediatrics and Adolescent Medicine, Charles University, Prague, Czech Republic, Paediatric Rheumatology, Department of Paediatrics, CEREMAI, CHU de Bicêtre, APHP, Paris SUD, Faculty of Medicine, Le Kremlin-Bicêtre, France, Paediatric Rheumatology, Department of Paediatric Sciences, Università Cattolica Sacro Cuore, Rome, Italy, CEREMAI (National Centre for Auto-Inflammatory Diseases), Department of Paediatrics, Hôpital Mignot, Versailles, France, Paediatric Rheumatology, Department of Paediatrics, Hospital Sant Joan de Déu, Universitat de Barcelona, Barcelona, Spain, Paediatric Rheumatology, Meyer Children’s Hospital of Haifa Rambam Medical Center, Faculty of Medicine, Technion Haifa, Israel, Paediatric Rheumatology, Hôpital Necker-Enfants Malades, Paris, France, Unité Médicale des Maladies Auto-Inflammatoires, Hôpital A de Villeneuve, Montpellier, France, Paediatric Rheumatology, Kantonspital, Lucerne, Switzerland, Paediatric Rheumatology, Hôpital Femme-Mère-Enfant, Lyon, France, Paediatric Rheumatology, Department of Paediatrics, University Hospital Leuven, Leuven, Belgium and UO Pediatria 2, Rheumatology Unit, G. Gaslini Institute, Genoa, Italy. E-mail: Michael.Hofer@chuv.ch",Michaël Hofer,unilu,10.1093/rheumatology/ket460,https://doi.org/10.1093/rheumatology/ket460,./BRHEUM/brheum53-6/abstracts/ket460.xml,"International periodic fever, aphthous stomatitis, pharyngitis, cervical adenitis syndrome cohort: description of distinct phenotypes in 301 patients",,,2014,Rheumatology,,Oxford University Press,,53,6,1125,1129,1462-0324,1462-0332,copyright,"© The Author 2014. Published by Oxford University Press on behalf of the British Society for Rheumatology. All rights reserved. For Permissions, please email: journals.permissions@oup.com",oxford,https://www.swissbib.ch/Search/Results?lookfor=nationallicenceoxford101093rheumatologyket460,http://sru.swissbib.ch/sru/search/defaultdb?query=+dc.anywhere+exact+NATIONALLICENCEoxford101093rheumatologyket460&operation=searchRetrieve&recordSchema=info%3Asrw%2Fschema%2F1%2Fmarcxml-v1.1-light&maximumRecords=10&startRecord=0&recordPacking=XML&availableDBs=defaultdb&sortKeys=Submit+query,http://sru.swissbib.ch/sru/search/defaultdb?query=+dc.anywhere+exact+NATIONALLICENCEoxford101093rheumatologyket460&operation=searchRetrieve&recordSchema=info%3Asrw%2Fschema%2F1%2Fdc-v1.1-light&maximumRecords=10&startRecord=0&recordPacking=XML&availableDBs=defaultdb&sortKeys=Submit+query,http://sru.swissbib.ch/sru/search/defaultdb?query=+dc.anywhere+exact+NATIONALLICENCEoxford101093rheumatologyket460&operation=searchRetrieve&recordSchema=info%3Asru%2Fschema%2Fjson&maximumRecords=10&startRecord=0&recordPacking=XML&availableDBs=defaultdb&sortKeys=Submit+query,
"University of Lucerne, Switzerland",DANIEL SPEICH CHASSÉ,unilu,10.1017/S0021853712000102,https://doi.org/10.1017/S0021853712000102,./AFH/AFH53_01/S0021853712000102h.xml,BEYOND COLONIAL SCIENCE IN BRITISH-AFRICA,,,2012,The Journal of African History,,Cambridge University Press,,53,1,116,118,0021-8537,1469-5138,copyright,Copyright © Cambridge University Press 2012,cambridge,https://www.swissbib.ch/Search/Results?lookfor=nationallicencecambridge101017S0021853712000102,http://sru.swissbib.ch/sru/search/defaultdb?query=+dc.anywhere+exact+NATIONALLICENCEcambridge101017S0021853712000102&operation=searchRetrieve&recordSchema=info%3Asrw%2Fschema%2F1%2Fmarcxml-v1.1-light&maximumRecords=10&startRecord=0&recordPacking=XML&availableDBs=defaultdb&sortKeys=Submit+query,http://sru.swissbib.ch/sru/search/defaultdb?query=+dc.anywhere+exact+NATIONALLICENCEcambridge101017S0021853712000102&operation=searchRetrieve&recordSchema=info%3Asrw%2Fschema%2F1%2Fdc-v1.1-light&maximumRecords=10&startRecord=0&recordPacking=XML&availableDBs=defaultdb&sortKeys=Submit+query,http://sru.swissbib.ch/sru/search/defaultdb?query=+dc.anywhere+exact+NATIONALLICENCEcambridge101017S0021853712000102&operation=searchRetrieve&recordSchema=info%3Asru%2Fschema%2Fjson&maximumRecords=10&startRecord=0&recordPacking=XML&availableDBs=defaultdb&sortKeys=Submit+query,
"University of Lucerne, Frohburgstrasse 3, 6002 Lucerne, Switzerland; martingutmann@gmail.com E-mail: martingutmann@gmail.com",MARTIN GUTMANN,unilu,10.1017/S0960777313000374,https://doi.org/10.1017/S0960777313000374,./CEH/CEH22_04/S0960777313000374h.xml,Debunking the Myth of the Volunteers: Transnational Volunteering in the Nazi Waffen-SS Officer Corps during the Second World War,,,2013,Contemporary European History,,Cambridge University Press,2018-11-01,22,4,585,607,0960-7773,1469-2171,copyright,Copyright © Cambridge University Press 2013 ,cambridge,https://www.swissbib.ch/Search/Results?lookfor=nationallicencecambridge101017S0960777313000374,http://sru.swissbib.ch/sru/search/defaultdb?query=+dc.anywhere+exact+NATIONALLICENCEcambridge101017S0960777313000374&operation=searchRetrieve&recordSchema=info%3Asrw%2Fschema%2F1%2Fmarcxml-v1.1-light&maximumRecords=10&startRecord=0&recordPacking=XML&availableDBs=defaultdb&sortKeys=Submit+query,http://sru.swissbib.ch/sru/search/defaultdb?query=+dc.anywhere+exact+NATIONALLICENCEcambridge101017S0960777313000374&operation=searchRetrieve&recordSchema=info%3Asrw%2Fschema%2F1%2Fdc-v1.1-light&maximumRecords=10&startRecord=0&recordPacking=XML&availableDBs=defaultdb&sortKeys=Submit+query,http://sru.swissbib.ch/sru/search/defaultdb?query=+dc.anywhere+exact+NATIONALLICENCEcambridge101017S0960777313000374&operation=searchRetrieve&recordSchema=info%3Asru%2Fschema%2Fjson&maximumRecords=10&startRecord=0&recordPacking=XML&availableDBs=defaultdb&sortKeys=Submit+query,
"Department of Gynecology and Obstetrics, University Hospital, Universitätsstrasse 21–23, D-91054 Erlangen, Department of Gynecology and Obstetrics, University Tübingen, Calwerstraße 7, 72076 Tübingen, Germany, Swiss Medical Association (FMH), Allenwindenstrasse 7, CH-6004 Lucerne and Department of Anatomy, University of Basel, Pestalozzistrasse 20, CH-4056 Basel, Switzerland 5To whom correspondence should be addressed. E-mail: Peter.Oppelt@gyn.imed.uni-erlangen.de E-mail: Peter.Oppelt@gyn.imed.uni-erlangen.de",Peter Oppelt,unilu,10.1093/humrep/dei381,https://doi.org/10.1093/humrep/dei381,./HUMREP/humrep21-3/abstracts/dei381.xml,Clinical aspects of Mayer–Rokitansky–Kuester–Hauser syndrome: recommendations for clinical diagnosis and staging,,,2006,Human Reproduction,,Oxford University Press,,21,3,792,797,0268-1161,1460-2350,copyright,"© The Author 2005. Published by Oxford University Press on behalf of the European Society of Human Reproduction and Embryology. All rights reserved. For Permissions, please email: journals.permissions@oxfordjournals.org",oxford,https://www.swissbib.ch/Search/Results?lookfor=nationallicenceoxford101093humrepdei381,http://sru.swissbib.ch/sru/search/defaultdb?query=+dc.anywhere+exact+NATIONALLICENCEoxford101093humrepdei381&operation=searchRetrieve&recordSchema=info%3Asrw%2Fschema%2F1%2Fmarcxml-v1.1-light&maximumRecords=10&startRecord=0&recordPacking=XML&availableDBs=defaultdb&sortKeys=Submit+query,http://sru.swissbib.ch/sru/search/defaultdb?query=+dc.anywhere+exact+NATIONALLICENCEoxford101093humrepdei381&operation=searchRetrieve&recordSchema=info%3Asrw%2Fschema%2F1%2Fdc-v1.1-light&maximumRecords=10&startRecord=0&recordPacking=XML&availableDBs=defaultdb&sortKeys=Submit+query,http://sru.swissbib.ch/sru/search/defaultdb?query=+dc.anywhere+exact+NATIONALLICENCEoxford101093humrepdei381&operation=searchRetrieve&recordSchema=info%3Asru%2Fschema%2Fjson&maximumRecords=10&startRecord=0&recordPacking=XML&availableDBs=defaultdb&sortKeys=Submit+query,
"Universität Luzern, Universität St. Gallen, CREMA",Christoph A. Schaltegger,unilu,10.1111/1468-2516.0401,https://doi.org/10.1111/1468-2516.0401,./j/pwp.2012.13.issue-4/1468.2516.00401/1468.2516.00401.xml,Religionsökonomie: eine Übersicht,,,2012,Perspektiven der Wirtschaftspolitik,,De Gruyter,,13,4,387,406,1465-6493,1468-2516,copyright,© 2014 by Walter de Gruyter GmbH & Co.,gruyter,https://www.swissbib.ch/Search/Results?lookfor=nationallicencegruyter101111146825160401,http://sru.swissbib.ch/sru/search/defaultdb?query=+dc.anywhere+exact+NATIONALLICENCEgruyter101111146825160401&operation=searchRetrieve&recordSchema=info%3Asrw%2Fschema%2F1%2Fmarcxml-v1.1-light&maximumRecords=10&startRecord=0&recordPacking=XML&availableDBs=defaultdb&sortKeys=Submit+query,http://sru.swissbib.ch/sru/search/defaultdb?query=+dc.anywhere+exact+NATIONALLICENCEgruyter101111146825160401&operation=searchRetrieve&recordSchema=info%3Asrw%2Fschema%2F1%2Fdc-v1.1-light&maximumRecords=10&startRecord=0&recordPacking=XML&availableDBs=defaultdb&sortKeys=Submit+query,http://sru.swissbib.ch/sru/search/defaultdb?query=+dc.anywhere+exact+NATIONALLICENCEgruyter101111146825160401&operation=searchRetrieve&recordSchema=info%3Asru%2Fschema%2Fjson&maximumRecords=10&startRecord=0&recordPacking=XML&availableDBs=defaultdb&sortKeys=Submit+query,
"Division of Medical Oncology, Kantonsspital, Lucerne, Switzerland Department of Medical Oncology, University of Berne, Switzerland",S. Aebi,unilu,10.1093/annonc/mdr371,https://doi.org/10.1093/annonc/mdr371,./ANNONC/annonc22-suppl_6/abstracts/mdr371.xml,"Primary breast cancer: ESMO Clinical Practice Guidelines for diagnosis, treatment and follow-up",,,2011,Annals of Oncology,,Oxford University Press,,22,,vi12,vi24,0923-7534,1569-8041,copyright,"© The Author 2011. Published by Oxford University Press on behalf of the European Society for Medical Oncology. All rights reserved. For permissions, please email: journals.permissions@oup.com",oxford,https://www.swissbib.ch/Search/Results?lookfor=nationallicenceoxford101093annoncmdr371,http://sru.swissbib.ch/sru/search/defaultdb?query=+dc.anywhere+exact+NATIONALLICENCEoxford101093annoncmdr371&operation=searchRetrieve&recordSchema=info%3Asrw%2Fschema%2F1%2Fmarcxml-v1.1-light&maximumRecords=10&startRecord=0&recordPacking=XML&availableDBs=defaultdb&sortKeys=Submit+query,http://sru.swissbib.ch/sru/search/defaultdb?query=+dc.anywhere+exact+NATIONALLICENCEoxford101093annoncmdr371&operation=searchRetrieve&recordSchema=info%3Asrw%2Fschema%2F1%2Fdc-v1.1-light&maximumRecords=10&startRecord=0&recordPacking=XML&availableDBs=defaultdb&sortKeys=Submit+query,http://sru.swissbib.ch/sru/search/defaultdb?query=+dc.anywhere+exact+NATIONALLICENCEoxford101093annoncmdr371&operation=searchRetrieve&recordSchema=info%3Asru%2Fschema%2Fjson&maximumRecords=10&startRecord=0&recordPacking=XML&availableDBs=defaultdb&sortKeys=Submit+query,
"Clinic of Internal Medicine, University HospitalBasel, Switzerland, Department of Occupational MedicineSuva, Lucerne, Switzerland E-mail: roberto.castano@umontreal.ca",D. Miedinger,unilu,10.1093/occmed/kqs131,https://doi.org/10.1093/occmed/kqs131,./occmed.tar.gz/occmed/abstracts/kqs131.xml,Upper airway symptoms among workers with work-related respiratory complaints,,,2012,Occupational Medicine,,Oxford University Press,,62,6,427,434,0962-7480,1471-8405,copyright,© The Author 2012. Published by Oxford University Press. All rights reserved.,oxford,https://www.swissbib.ch/Search/Results?lookfor=nationallicenceoxford101093occmedkqs131,http://sru.swissbib.ch/sru/search/defaultdb?query=+dc.anywhere+exact+NATIONALLICENCEoxford101093occmedkqs131&operation=searchRetrieve&recordSchema=info%3Asrw%2Fschema%2F1%2Fmarcxml-v1.1-light&maximumRecords=10&startRecord=0&recordPacking=XML&availableDBs=defaultdb&sortKeys=Submit+query,http://sru.swissbib.ch/sru/search/defaultdb?query=+dc.anywhere+exact+NATIONALLICENCEoxford101093occmedkqs131&operation=searchRetrieve&recordSchema=info%3Asrw%2Fschema%2F1%2Fdc-v1.1-light&maximumRecords=10&startRecord=0&recordPacking=XML&availableDBs=defaultdb&sortKeys=Submit+query,http://sru.swissbib.ch/sru/search/defaultdb?query=+dc.anywhere+exact+NATIONALLICENCEoxford101093occmedkqs131&operation=searchRetrieve&recordSchema=info%3Asru%2Fschema%2Fjson&maximumRecords=10&startRecord=0&recordPacking=XML&availableDBs=defaultdb&sortKeys=Submit+query,
"Pathology, Ludwig-Maximilians University of Munich, Munich Institute of Pathology, Kantonsspital Luzern, Luzern, Switzerland",Alexander Schipf,unilu,10.1086/597398,https://doi.org/10.1086/597398,./cid/cid48-8/abstracts/48-8-1055.xml,Comparative Study of the Sensitivity of Different Diagnostic Methods for the Laboratory Diagnosis of Buruli Ulcer Disease,,,2009,Clinical Infectious Diseases,,The University of Chicago Press,,48,8,1055,1064,1058-4838,1537-6591,copyright,© 2009 by the Infectious Diseases Society of America,oxford,https://www.swissbib.ch/Search/Results?lookfor=nationallicenceoxford101086597398,http://sru.swissbib.ch/sru/search/defaultdb?query=+dc.anywhere+exact+NATIONALLICENCEoxford101086597398&operation=searchRetrieve&recordSchema=info%3Asrw%2Fschema%2F1%2Fmarcxml-v1.1-light&maximumRecords=10&startRecord=0&recordPacking=XML&availableDBs=defaultdb&sortKeys=Submit+query,http://sru.swissbib.ch/sru/search/defaultdb?query=+dc.anywhere+exact+NATIONALLICENCEoxford101086597398&operation=searchRetrieve&recordSchema=info%3Asrw%2Fschema%2F1%2Fdc-v1.1-light&maximumRecords=10&startRecord=0&recordPacking=XML&availableDBs=defaultdb&sortKeys=Submit+query,http://sru.swissbib.ch/sru/search/defaultdb?query=+dc.anywhere+exact+NATIONALLICENCEoxford101086597398&operation=searchRetrieve&recordSchema=info%3Asru%2Fschema%2Fjson&maximumRecords=10&startRecord=0&recordPacking=XML&availableDBs=defaultdb&sortKeys=Submit+query,
"Departments of Medicine and Pathology, University of Colorado Comprehensive Cancer Center, Denver, Colorado, CO, USA; Department of Oncology, Kantonsspital Luzern, Switzerland;",F. R. Hirsch,unilu,10.1093/annonc/mdh051,https://doi.org/10.1093/annonc/mdh051,./ANNONC/annonc15-2/abstracts/mdh051.xml,Chemoprevention of lung cancer—from biology to clinical reality,,,2004,Annals of Oncology,,Oxford University Press,,15,2,185,196,0923-7534,1569-8041,copyright,European Society for Medical Oncology,oxford,https://www.swissbib.ch/Search/Results?lookfor=nationallicenceoxford101093annoncmdh051,http://sru.swissbib.ch/sru/search/defaultdb?query=+dc.anywhere+exact+NATIONALLICENCEoxford101093annoncmdh051&operation=searchRetrieve&recordSchema=info%3Asrw%2Fschema%2F1%2Fmarcxml-v1.1-light&maximumRecords=10&startRecord=0&recordPacking=XML&availableDBs=defaultdb&sortKeys=Submit+query,http://sru.swissbib.ch/sru/search/defaultdb?query=+dc.anywhere+exact+NATIONALLICENCEoxford101093annoncmdh051&operation=searchRetrieve&recordSchema=info%3Asrw%2Fschema%2F1%2Fdc-v1.1-light&maximumRecords=10&startRecord=0&recordPacking=XML&availableDBs=defaultdb&sortKeys=Submit+query,http://sru.swissbib.ch/sru/search/defaultdb?query=+dc.anywhere+exact+NATIONALLICENCEoxford101093annoncmdh051&operation=searchRetrieve&recordSchema=info%3Asru%2Fschema%2Fjson&maximumRecords=10&startRecord=0&recordPacking=XML&availableDBs=defaultdb&sortKeys=Submit+query,
"Object Oriented Ltd, 6004 Luzern, Switzerland, Department of Computer Science and Department of Ecology and Genetics, University of Aarhus, 8000 Aarhus C, Denmark.",K Bucka-Lassen,unilu,10.1093/bioinformatics/15.2.122,https://doi.org/10.1093/bioinformatics/15.2.122,./bioinformatics/bioinformatics15-2/abstracts/10089197.xml,Combining many multiple alignments in one improved alignment.,,,1999,"Bioinformatics (Oxford, England)",,,,15,2,122,130,1367-4803,,,,oxford,https://www.swissbib.ch/Search/Results?lookfor=nationallicenceoxford101093bioinformatics152122,http://sru.swissbib.ch/sru/search/defaultdb?query=+dc.anywhere+exact+NATIONALLICENCEoxford101093bioinformatics152122&operation=searchRetrieve&recordSchema=info%3Asrw%2Fschema%2F1%2Fmarcxml-v1.1-light&maximumRecords=10&startRecord=0&recordPacking=XML&availableDBs=defaultdb&sortKeys=Submit+query,http://sru.swissbib.ch/sru/search/defaultdb?query=+dc.anywhere+exact+NATIONALLICENCEoxford101093bioinformatics152122&operation=searchRetrieve&recordSchema=info%3Asrw%2Fschema%2F1%2Fdc-v1.1-light&maximumRecords=10&startRecord=0&recordPacking=XML&availableDBs=defaultdb&sortKeys=Submit+query,http://sru.swissbib.ch/sru/search/defaultdb?query=+dc.anywhere+exact+NATIONALLICENCEoxford101093bioinformatics152122&operation=searchRetrieve&recordSchema=info%3Asru%2Fschema%2Fjson&maximumRecords=10&startRecord=0&recordPacking=XML&availableDBs=defaultdb&sortKeys=Submit+query,
