journal_id,title,% of articles with this title,eissn,%of articles with this eissn,pissn,%of articles with this pissn,publisher,%of articles with this publisher,url,number of articles,minYear,maxYear,cardinality,missing years,min_volume,max_volume,cardinality-volumes,number of missing volumes
aae,Journal of Agricultural and Applied Economics,59.5,,57.7,1074-0708,59.0,Cambridge University Press,100.0,http://www.cambridge.org/core/product/identifier/aae/type/JOURNAL,2454,1969,2015,44,3,1,47,44,3
aam,Advances in Applied Mathematics and Mechanics,100.0,2075-1354,100.0,2070-0733,100.0,Cambridge University Press,100.0,http://www.cambridge.org/core/product/identifier/aam/type/JOURNAL,259,2011,2015,5,0,3,8,6,0
aas,Annals of Actuarial Science,100.0,1748-5002,100.0,1748-4995,100.0,Cambridge University Press,100.0,http://www.cambridge.org/core/product/identifier/aas/type/JOURNAL,211,2006,2015,9,1,1,9,9,0
abs,Advances in Animal Biosciences,100.0,2040-4719,100.0,2040-4700,100.0,Cambridge University Press,100.0,http://www.cambridge.org/core/product/identifier/abs/type/JOURNAL,668,2010,2015,6,0,1,6,6,0
ach,Archaeologia,100.0,,100.0,0261-3409,100.0,Cambridge University Press,100.0,http://www.cambridge.org/core/product/identifier/ach/type/JOURNAL,2727,1770,1992,129,94,1,110,109,1
acl,Asian Journal of Comparative Law,100.0,1932-0205,100.0,2194-6078,100.0,Cambridge University Press,100.0,http://www.cambridge.org/core/product/identifier/acl/type/JOURNAL,115,2013,2015,10,0,8,10,10,-7
aee,Australian Journal of Environmental Education,100.0,2049-775X,100.0,0814-0626,100.0,Cambridge University Press,100.0,http://www.cambridge.org/core/product/identifier/aee/type/JOURNAL,581,1984,2015,31,1,1,31,30,1
afh,The Journal of African History,100.0,1469-5138,100.0,0021-8537,100.0,Cambridge University Press,100.0,http://www.cambridge.org/core/product/identifier/afh/type/JOURNAL,5470,1960,2015,56,0,1,56,56,0
afr,Africa,100.0,1750-0184,100.0,0001-9720,100.0,Cambridge University Press,100.0,http://www.cambridge.org/core/product/identifier/afr/type/JOURNAL,9937,1928,2015,86,2,1,85,85,0
agr,Animal Genetic Resources Information,61.9,2076-4022,61.9,1014-2339,61.9,Cambridge University Press,100.0,http://www.cambridge.org/core/product/identifier/agr/type/JOURNAL,914,1983,2015,31,2,1,57,55,2
ags,The Journal of Agricultural Science,99.8,1469-5146,100.0,0021-8596,100.0,Cambridge University Press,100.0,http://www.cambridge.org/core/product/identifier/ags/type/JOURNAL,10513,1905,2015,108,3,1,153,158,-5
ahr,Animal Health Research Reviews,100.0,1475-2654,100.0,1466-2523,100.0,Cambridge University Press,100.0,http://www.cambridge.org/core/product/identifier/ahr/type/JOURNAL,320,2000,2015,16,0,1,16,16,0
ahy,Austrian History Yearbook,100.0,1558-5255,100.0,0067-2378,100.0,Cambridge University Press,100.0,http://www.cambridge.org/core/product/identifier/ahy/type/JOURNAL,2577,1965,2015,40,11,1,46,38,8
aie,"Artificial Intelligence for Engineering Design, Analysis and Manufacturing",35.9,1469-1760,100.0,0890-0604,100.0,Cambridge University Press,99.0,http://www.cambridge.org/core/product/identifier/aie/type/JOURNAL,998,1987,2015,29,0,1,29,29,0
aja,American Journal of Alternative Agriculture,100.0,1478-5498,100.0,0889-1893,100.0,Cambridge University Press,100.0,http://www.cambridge.org/core/product/identifier/aja/type/JOURNAL,930,1986,2003,18,0,1,18,18,0
ajl,Asian Journal of International Law,100.0,2044-2521,100.0,2044-2513,100.0,Cambridge University Press,100.0,http://www.cambridge.org/core/product/identifier/ajl/type/JOURNAL,173,2011,2015,5,0,1,5,5,0
ajs,AJS Review,98.8,1475-4541,100.0,0364-0094,100.0,Cambridge University Press,100.0,http://www.cambridge.org/core/product/identifier/ajs/type/JOURNAL,2095,1976,2015,38,2,1,39,38,1
alb,Albion,100.0,2326-1242,100.0,0095-1390,100.0,Cambridge University Press,100.0,http://www.cambridge.org/core/product/identifier/alb/type/JOURNAL,5570,1969,2005,36,1,1,36,35,1
als,Asian Journal of Law and Society,100.0,2052-9023,100.0,2052-9015,100.0,Cambridge University Press,100.0,http://www.cambridge.org/core/product/identifier/als/type/JOURNAL,47,2014,2015,2,0,1,2,2,0
amg,Acta geneticae medicae et gemellologiae,58.8,,100.0,1120-9623,58.8,Cambridge University Press,100.0,http://www.cambridge.org/core/product/identifier/amg/type/JOURNAL,2827,1952,1998,47,0,1,47,47,0
ams,Journal of American Studies,100.0,1469-5154,100.0,0021-8758,100.0,Cambridge University Press,100.0,http://www.cambridge.org/core/product/identifier/ams/type/JOURNAL,6781,1967,2015,49,0,1,49,49,0
ank,Anatolian Studies,100.0,2048-0849,100.0,0066-1546,100.0,Cambridge University Press,100.0,http://www.cambridge.org/core/product/identifier/ank/type/JOURNAL,935,1951,2015,65,0,1,65,65,0
anm,animal,100.0,1751-732X,100.0,1751-7311,100.0,Cambridge University Press,100.0,http://www.cambridge.org/core/product/identifier/anm/type/JOURNAL,2231,2007,2015,9,0,1,9,9,0
ann,Antichthon,100.0,2056-8819,52.8,0066-4774,100.0,Cambridge University Press,100.0,http://www.cambridge.org/core/product/identifier/ann/type/JOURNAL,479,1967,2015,49,0,1,49,49,0
ans,Antarctic Science,100.0,1365-2079,100.0,0954-1020,100.0,Cambridge University Press,100.0,http://www.cambridge.org/core/product/identifier/ans/type/JOURNAL,2130,1989,2015,27,0,1,27,27,0
ant,The Antiquaries Journal,100.0,1758-5309,100.0,0003-5815,100.0,Cambridge University Press,100.0,http://www.cambridge.org/core/product/identifier/ant/type/JOURNAL,9644,1921,2015,95,0,1,95,95,0
anu,Acta Numerica,94.1,1474-0508,100.0,0962-4929,100.0,Cambridge University Press,100.0,http://www.cambridge.org/core/product/identifier/anu/type/JOURNAL,185,1992,2015,24,0,1,24,24,0
anz,The Journal of the Australian Mathematical Society. Series B. Applied Mathematics,60.5,1446-8735,100.0,0334-2700,60.5,Cambridge University Press,100.0,http://www.cambridge.org/core/product/identifier/anz/type/JOURNAL,1671,1975,2015,41,0,19,57,39,0
apa,Journal of the American Philosophical Association,100.0,2053-4485,100.0,2053-4477,100.0,Cambridge University Press,100.0,http://www.cambridge.org/core/product/identifier/apa/type/JOURNAL,53,2015,2015,1,0,1,1,1,0
apl,Annual Review of Applied Linguistics,100.0,1471-6356,100.0,0267-1905,100.0,Cambridge University Press,100.0,http://www.cambridge.org/core/product/identifier/apl/type/JOURNAL,623,1980,2015,35,1,1,35,35,0
aps,Applied Psycholinguistics,100.0,1469-1817,100.0,0142-7164,100.0,Cambridge University Press,100.0,http://www.cambridge.org/core/product/identifier/aps/type/JOURNAL,1631,1980,2015,36,0,1,36,36,0
aqy,Antiquity,99.9,1745-1744,54.4,0003-598X,100.0,Cambridge University Press,100.0,http://www.cambridge.org/core/product/identifier/aqy/type/JOURNAL,12194,1927,2015,89,0,1,89,89,0
ard,Archaeological Dialogues,100.0,1478-2294,100.0,1380-2038,100.0,Cambridge University Press,100.0,http://www.cambridge.org/core/product/identifier/ard/type/JOURNAL,536,1994,2015,22,0,1,22,22,0
are,Archaeological Reports,100.0,2041-4102,100.0,0570-6084,100.0,Cambridge University Press,100.0,http://www.cambridge.org/core/product/identifier/are/type/JOURNAL,678,1955,2015,61,0,1,61,61,0
arn,British Journal of Anaesthetic and Recovery Nursing,100.0,1744-2192,100.0,1742-6456,100.0,Cambridge University Press,100.0,http://www.cambridge.org/core/product/identifier/arn/type/JOURNAL,489,2000,2013,14,0,1,14,14,0
arq,Architectural Research Quarterly,88.4,1474-0516,100.0,1359-1355,100.0,Cambridge University Press,100.0,http://www.cambridge.org/core/product/identifier/arq/type/JOURNAL,1075,1995,2015,20,1,1,19,19,0
asb,ASTIN Bulletin,100.0,1783-1350,100.0,0515-0361,100.0,Cambridge University Press,100.0,http://www.cambridge.org/core/product/identifier/asb/type/JOURNAL,1610,1958,2015,55,3,1,45,45,0
asc,Animal Production,81.3,1748-748X,100.0,0003-3561,81.3,Cambridge University Press,100.0,http://www.cambridge.org/core/product/identifier/asc/type/JOURNAL,4360,1959,2006,42,6,1,82,70,12
ase,Anglo-Saxon England,100.0,1474-0532,100.0,0263-6751,100.0,Cambridge University Press,100.0,http://www.cambridge.org/core/product/identifier/ase/type/JOURNAL,654,1972,2014,43,0,1,43,43,0
asi,International Journal of Asian Studies,100.0,1479-5922,100.0,1479-5914,100.0,Cambridge University Press,100.0,http://www.cambridge.org/core/product/identifier/asi/type/JOURNAL,418,2004,2015,12,0,1,12,12,0
aso,Ageing and Society,100.0,1469-1779,100.0,0144-686X,100.0,Cambridge University Press,100.0,http://www.cambridge.org/core/product/identifier/aso/type/JOURNAL,3251,1981,2015,35,0,1,35,35,0
asp,Arabic Sciences and Philosophy,100.0,1474-0524,83.4,0957-4239,100.0,Cambridge University Press,100.0,http://www.cambridge.org/core/product/identifier/asp/type/JOURNAL,330,1991,2015,25,0,1,25,25,0
asr,African Studies Review,100.0,1555-2462,100.0,0002-0206,100.0,Cambridge University Press,100.0,http://www.cambridge.org/core/product/identifier/asr/type/JOURNAL,4069,1962,2015,51,3,5,58,51,3
ass,Modern Asian Studies,100.0,1469-8099,100.0,0026-749X,99.5,Cambridge University Press,100.0,http://www.cambridge.org/core/product/identifier/ass/type/JOURNAL,2598,1967,2015,49,0,1,49,49,0
ast,Journal of Anglican Studies,100.0,1745-5278,100.0,1740-3553,100.0,Cambridge University Press,100.0,http://www.cambridge.org/core/product/identifier/ast/type/JOURNAL,362,2003,2015,13,0,1,13,13,0
ath,The Annual of the British School at Athens,100.0,2045-2403,100.0,0068-2454,100.0,Cambridge University Press,100.0,http://www.cambridge.org/core/product/identifier/ath/type/JOURNAL,2239,1894,2015,109,13,1,110,109,1
atm,Ancient Mesoamerica,100.0,1469-1787,100.0,0956-5361,100.0,Cambridge University Press,100.0,http://www.cambridge.org/core/product/identifier/atm/type/JOURNAL,664,1990,2015,26,0,1,26,26,0
baj,British Actuarial Journal,100.0,2044-0456,100.0,1357-3217,100.0,Cambridge University Press,100.0,http://www.cambridge.org/core/product/identifier/baj/type/JOURNAL,738,1995,2015,20,1,1,20,20,0
baz,Bulletin of the Australian Mathematical Society,100.0,1755-1633,100.0,0004-9727,100.0,Cambridge University Press,100.0,http://www.cambridge.org/core/product/identifier/baz/type/JOURNAL,5504,1969,2015,47,0,1,92,92,0
bbh,Bulletin of the British Society for the History of Science,100.0,,nan,0950-5636,100.0,Cambridge University Press,100.0,http://www.cambridge.org/core/product/identifier/bbh/type/JOURNAL,212,1949,1961,11,2,1,2,2,0
bbs,Behavioral and Brain Sciences,99.1,1469-1825,100.0,0140-525X,100.0,Cambridge University Press,99.1,http://www.cambridge.org/core/product/identifier/bbs/type/JOURNAL,13963,1978,2015,38,0,1,38,38,0
bca,Journal of Benefit-Cost Analysis,100.0,2152-2812,100.0,2194-5888,100.0,Cambridge University Press,100.0,http://www.cambridge.org/core/product/identifier/bca/type/JOURNAL,111,2010,2015,6,0,1,6,6,0
bch,Recusant History,94.4,,94.4,0034-1932,94.4,Cambridge University Press,100.0,http://www.cambridge.org/core/product/identifier/bch/type/JOURNAL,1083,1957,2015,39,20,4,32,22,7
bci,Bird Conservation International,100.0,1474-0001,91.6,0959-2709,100.0,Cambridge University Press,100.0,http://www.cambridge.org/core/product/identifier/bci/type/JOURNAL,969,1991,2015,25,0,1,25,25,0
bcp,Behavioural and Cognitive Psychotherapy,54.4,1469-1833,100.0,1352-4658,51.5,Cambridge University Press,100.0,http://www.cambridge.org/core/product/identifier/bcp/type/JOURNAL,2616,1975,2015,41,0,3,43,41,0
bec,Behaviour Change,100.0,2049-7768,100.0,0813-4839,100.0,Cambridge University Press,100.0,http://www.cambridge.org/core/product/identifier/bec/type/JOURNAL,1024,1984,2015,32,0,1,32,32,0
beq,Business Ethics Quarterly,100.0,2153-3326,100.0,1052-150X,100.0,Cambridge University Press,100.0,http://www.cambridge.org/core/product/identifier/beq/type/JOURNAL,1324,1991,2015,25,0,1,25,25,0
ber,Bulletin of Entomological Research,100.0,1475-2670,100.0,0007-4853,100.0,Cambridge University Press,99.8,http://www.cambridge.org/core/product/identifier/ber/type/JOURNAL,6898,1910,2015,103,3,1,105,105,0
bes,Bulletin of entomological research supplement series,100.0,,100.0,1367-4269,100.0,Cambridge University Press,100.0,http://www.cambridge.org/core/product/identifier/bes/type/JOURNAL,33,1993,1995,3,0,1,3,3,0
bhr,Business History Review,100.0,2044-768X,100.0,0007-6805,100.0,Cambridge University Press,100.0,http://www.cambridge.org/core/product/identifier/bhr/type/JOURNAL,8641,1926,2015,90,0,1,89,89,0
bil,Bilingualism: Language and Cognition,100.0,1469-1841,100.0,1366-7289,100.0,Cambridge University Press,100.0,http://www.cambridge.org/core/product/identifier/bil/type/JOURNAL,741,1998,2015,18,0,1,18,18,0
bim,Brain Impairment,100.0,1839-5252,100.0,1443-9646,100.0,Cambridge University Press,100.0,http://www.cambridge.org/core/product/identifier/bim/type/JOURNAL,373,2000,2015,16,0,1,16,16,0
bjh,The British Journal for the History of Science,100.0,1474-001X,99.6,0007-0874,100.0,Cambridge University Press,100.0,http://www.cambridge.org/core/product/identifier/bjh/type/JOURNAL,4853,1962,2015,54,0,1,48,48,0
bjn,British Journal of Nutrition,100.0,1475-2662,100.0,0007-1145,100.0,Cambridge University Press,100.0,http://www.cambridge.org/core/product/identifier/bjn/type/JOURNAL,12615,1947,2015,69,0,1,114,115,-1
bme,British Journal of Music Education,100.0,1469-2104,100.0,0265-0517,100.0,Cambridge University Press,100.0,http://www.cambridge.org/core/product/identifier/bme/type/JOURNAL,1531,1984,2015,32,0,1,32,32,0
bms,Bulletin of the British Association for American Studies,100.0,,nan,0524-5001,100.0,Cambridge University Press,100.0,http://www.cambridge.org/core/product/identifier/bms/type/JOURNAL,315,1956,1966,11,0,1,12,12,0
brc,Bulletin International des Societes de la Croix-Rouge,74.6,,nan,1816-9686,74.6,Cambridge University Press,100.0,http://www.cambridge.org/core/product/identifier/brc/type/JOURNAL,5017,1869,1918,50,0,1,49,49,0
bri,Britannia,100.0,1753-5352,100.0,0068-113X,100.0,Cambridge University Press,100.0,http://www.cambridge.org/core/product/identifier/bri/type/JOURNAL,2202,1970,2015,46,0,1,46,46,0
bsh,Bulletin of the International Institute of Social History,100.0,,nan,0921-254X,100.0,Cambridge University Press,100.0,http://www.cambridge.org/core/product/identifier/bsh/type/JOURNAL,137,1937,1955,10,9,1,10,10,0
bsl,Bulletin of Symbolic Logic,92.4,1943-5894,100.0,1079-8986,100.0,Cambridge University Press,100.0,http://www.cambridge.org/core/product/identifier/bsl/type/JOURNAL,1154,1995,2015,21,0,1,21,21,0
bso,Bulletin of the School of Oriental and African Studies,99.8,1474-0699,100.0,0041-977X,100.0,Cambridge University Press,99.8,http://www.cambridge.org/core/product/identifier/bso/type/JOURNAL,16930,1917,2015,94,5,1,78,78,0
caj,Cambridge Archaeological Journal,100.0,1474-0540,100.0,0959-7743,100.0,Cambridge University Press,100.0,http://www.cambridge.org/core/product/identifier/caj/type/JOURNAL,1008,1991,2015,25,0,1,25,25,0
caq,The Classical Quarterly,100.0,1471-6844,100.0,0009-8388,100.0,Cambridge University Press,100.0,http://www.cambridge.org/core/product/identifier/caq/type/JOURNAL,5636,1907,2015,106,3,1,65,65,0
car,The Classical Review,100.0,1464-3561,100.0,0009-840X,100.0,Cambridge University Press,100.0,http://www.cambridge.org/core/product/identifier/car/type/JOURNAL,31651,1887,2015,126,3,1,65,65,0
cbt,The Cognitive Behaviour Therapist,100.0,1754-470X,91.1,,nan,Cambridge University Press,100.0,http://www.cambridge.org/core/product/identifier/cbt/type/JOURNAL,135,2008,2015,8,0,1,8,8,0
ccc,Central European History,100.0,1569-1616,100.0,0008-9389,100.0,Cambridge University Press,99.7,http://www.cambridge.org/core/product/identifier/ccc/type/JOURNAL,3376,1968,2015,48,0,1,48,48,0
ccj,Proceedings of the Cambridge Philological Society,78.6,2047-993X,100.0,0068-6735,79.6,Cambridge University Press,100.0,http://www.cambridge.org/core/product/identifier/ccj/type/JOURNAL,1245,1882,2015,99,35,1,180,93,87
ceh,Contemporary European History,100.0,1469-2171,100.0,0960-7773,100.0,Cambridge University Press,100.0,http://www.cambridge.org/core/product/identifier/ceh/type/JOURNAL,937,1992,2015,24,0,1,24,24,0
cel,Cambridge Yearbook of European Legal Studies,100.0,2049-7636,100.0,1528-8870,100.0,Cambridge University Press,100.0,http://www.cambridge.org/core/product/identifier/cel/type/JOURNAL,441,1998,2015,17,1,1,17,17,0
cha,Children Australia,91.3,2049-7776,84.3,1035-0772,91.3,Cambridge University Press,100.0,http://www.cambridge.org/core/product/identifier/cha/type/JOURNAL,229,1976,2015,5,0,1,40,5,35
chh,Church History: Studies in Christianity and Culture,64.6,1755-2613,100.0,0009-6407,100.0,Cambridge University Press,100.0,http://www.cambridge.org/core/product/identifier/chh/type/JOURNAL,14364,1932,2015,84,0,1,84,84,0
chj,Cambridge Historical Journal,100.0,,nan,1474-6913,100.0,Cambridge University Press,100.0,http://www.cambridge.org/core/product/identifier/chj/type/JOURNAL,384,1923,1957,35,0,1,13,13,0
cje,Canadian Journal of Economics and Political Science/Revue canadienne de economiques et science politique,100.0,,100.0,0315-4890,100.0,Cambridge University Press,100.0,http://www.cambridge.org/core/product/identifier/cje/type/JOURNAL,3552,1935,1967,33,0,1,33,33,0
cjg,Canadian Journal on Aging / La Revue canadienne du vieillissement,100.0,1710-1107,100.0,0714-9808,100.0,Cambridge University Press,100.0,http://www.cambridge.org/core/product/identifier/cjg/type/JOURNAL,2137,1982,2015,34,0,1,34,34,0
cjl,The Canadian Journal of Law and Jurisprudence,90.5,2056-4260,100.0,0841-8209,100.0,Cambridge University Press,100.0,http://www.cambridge.org/core/product/identifier/cjl/type/JOURNAL,655,1988,2015,28,0,1,28,28,0
cjn,Canadian Journal of Neurological Sciences / Journal Canadien des Sciences Neurologiques,65.5,2057-0155,99.3,0317-1671,100.0,Cambridge University Press,65.6,http://www.cambridge.org/core/product/identifier/cjn/type/JOURNAL,6039,1974,2015,42,0,1,42,42,0
cjp,Canadian Journal of Political Science,97.6,1744-9324,100.0,0008-4239,100.0,Cambridge University Press,100.0,http://www.cambridge.org/core/product/identifier/cjp/type/JOURNAL,7316,1968,2015,48,0,1,48,48,0
clj,The Cambridge Law Journal,100.0,1469-2139,100.0,0008-1973,98.3,Cambridge University Press,100.0,http://www.cambridge.org/core/product/identifier/clj/type/JOURNAL,8571,1921,2015,94,1,1,74,74,0
cls,Canadian journal of law and society,89.6,1911-0227,100.0,0829-3201,100.0,Cambridge University Press,100.0,http://www.cambridge.org/core/product/identifier/cls/type/JOURNAL,1199,1986,2015,30,0,1,30,30,0
cns,CNS Spectrums,100.0,2165-6509,100.0,1092-8529,100.0,Cambridge University Press,100.0,http://www.cambridge.org/core/product/identifier/cns/type/JOURNAL,3106,1996,2015,20,0,1,20,20,0
com,Compositio Mathematica,99.3,1570-5846,100.0,0010-437X,99.9,London Mathematical Society,65.0,http://www.cambridge.org/core/product/identifier/com/type/JOURNAL,1495,1997,2015,19,0,105,151,47,0
con,Continuity and Change,100.0,1469-218X,100.0,0268-4160,100.0,Cambridge University Press,100.0,http://www.cambridge.org/core/product/identifier/con/type/JOURNAL,1105,1986,2015,30,0,1,30,30,0
cor,Congress on Research in Dance Conference Proceedings,100.0,2049-1255,100.0,,nan,Cambridge University Press,100.0,http://www.cambridge.org/core/product/identifier/cor/type/JOURNAL,229,2007,2015,7,2,,,7,-6
cpc,"Combinatorics, Probability and Computing",98.4,1469-2163,100.0,0963-5483,100.0,Cambridge University Press,100.0,http://www.cambridge.org/core/product/identifier/cpc/type/JOURNAL,1213,1992,2015,24,0,1,24,24,0
cph,Communications in Computational Physics,100.0,1991-7120,100.0,1815-2406,100.0,Cambridge University Press,100.0,http://www.cambridge.org/core/product/identifier/cph/type/JOURNAL,650,2011,2015,5,0,9,18,10,0
cqh,Cambridge Quarterly of Healthcare Ethics,100.0,1469-2147,100.0,0963-1801,100.0,Cambridge University Press,100.0,http://www.cambridge.org/core/product/identifier/cqh/type/JOURNAL,1871,1992,2015,24,0,1,24,24,0
cqy,The China Quarterly,99.6,1468-2648,100.0,0305-7410,94.9,Cambridge University Press,99.6,http://www.cambridge.org/core/product/identifier/cqy/type/JOURNAL,7400,1960,2015,56,0,1,224,236,-12
css,Comparative Studies in Society and History,100.0,1475-2999,100.0,0010-4175,100.0,Cambridge University Press,100.0,http://www.cambridge.org/core/product/identifier/css/type/JOURNAL,3010,1958,2015,58,0,1,57,57,0
cty,Cardiology in the Young,98.2,1467-1107,100.0,1047-9511,100.0,Cambridge University Press,98.2,http://www.cambridge.org/core/product/identifier/cty/type/JOURNAL,3928,1991,2015,25,0,1,25,25,0
dar,Journal of Dairy Research,100.0,1469-7629,100.0,0022-0299,100.0,Cambridge University Press,100.0,http://www.cambridge.org/core/product/identifier/dar/type/JOURNAL,4616,1929,2015,87,0,1,82,82,0
dbr,Du Bois Review: Social Science Research on Race,71.1,1742-0598,100.0,1742-058X,100.0,Cambridge University Press,100.0,http://www.cambridge.org/core/product/identifier/dbr/type/JOURNAL,387,2004,2015,12,0,1,12,12,0
dem,Journal of Demographic Economics,65.2,2054-0906,65.2,2054-0892,65.2,Cambridge University Press,100.0,http://www.cambridge.org/core/product/identifier/dem/type/JOURNAL,46,2015,2015,4,1,81,81,4,-3
dia,Dialogue,99.6,1759-0949,100.0,0012-2173,100.0,Cambridge University Press,100.0,http://www.cambridge.org/core/product/identifier/dia/type/JOURNAL,5632,1962,2015,54,0,1,54,54,0
dmp,Disaster Medicine and Public Health Preparedness,100.0,1938-744X,100.0,1935-7893,100.0,Cambridge University Press,100.0,http://www.cambridge.org/core/product/identifier/dmp/type/JOURNAL,868,2007,2015,9,0,1,9,9,0
doh,Journal of Developmental Origins of Health and Disease,100.0,2040-1752,100.0,2040-1744,100.0,Cambridge University Press,100.0,http://www.cambridge.org/core/product/identifier/doh/type/JOURNAL,435,2009,2015,7,0,1,6,6,0
dpp,Development and Psychopathology,100.0,1469-2198,100.0,0954-5794,100.0,Cambridge University Press,100.0,http://www.cambridge.org/core/product/identifier/dpp/type/JOURNAL,1772,1989,2015,27,0,1,27,27,0
drj,Dance Research Journal,98.1,1940-509X,100.0,0149-7677,98.1,Cambridge University Press,100.0,http://www.cambridge.org/core/product/identifier/drj/type/JOURNAL,1724,1973,2015,42,1,6,47,42,0
dsj,Design Science,100.0,2053-4701,100.0,,nan,Cambridge University Press,100.0,http://www.cambridge.org/core/product/identifier/dsj/type/JOURNAL,5,2015,2015,1,0,1,1,1,0
eac,Early China,100.0,2325-2324,100.0,0362-5028,100.0,Cambridge University Press,100.0,http://www.cambridge.org/core/product/identifier/eac/type/JOURNAL,809,1975,2015,34,7,1,38,32,6
eag,Experimental Agriculture,100.0,1469-4441,100.0,0014-4797,100.0,Cambridge University Press,100.0,http://www.cambridge.org/core/product/identifier/eag/type/JOURNAL,4277,1965,2015,51,0,1,51,51,0
eam,East Asian Journal on Applied Mathematics,100.0,2079-7370,100.0,2079-7362,100.0,Cambridge University Press,100.0,http://www.cambridge.org/core/product/identifier/eam/type/JOURNAL,107,2011,2015,5,0,1,5,5,0
eap,Economics and Philosophy,100.0,1474-0028,100.0,0266-2671,100.0,Cambridge University Press,100.0,http://www.cambridge.org/core/product/identifier/eap/type/JOURNAL,1014,1985,2015,31,0,1,31,31,0
ech,The Journal of Ecclesiastical History,100.0,1469-7637,100.0,0022-0469,100.0,Cambridge University Press,100.0,http://www.cambridge.org/core/product/identifier/ech/type/JOURNAL,12934,1950,2015,66,0,1,66,66,0
ecm,Eighteenth Century Music,100.0,1478-5714,100.0,1478-5706,100.0,Cambridge University Press,100.0,http://www.cambridge.org/core/product/identifier/ecm/type/JOURNAL,663,2004,2015,12,0,1,12,12,0
ect,Econometric Theory,99.7,1469-4360,100.0,0266-4666,100.0,Cambridge University Press,99.7,http://www.cambridge.org/core/product/identifier/ect/type/JOURNAL,2065,1985,2015,31,0,1,31,31,0
ede,Environment and Development Economics,100.0,1469-4395,100.0,1355-770X,100.0,Cambridge University Press,100.0,http://www.cambridge.org/core/product/identifier/ede/type/JOURNAL,976,1996,2015,20,0,1,20,20,0
edp,The Australian Educational and Developmental Psychologist,100.0,1839-2504,100.0,0816-5122,100.0,Cambridge University Press,100.0,http://www.cambridge.org/core/product/identifier/edp/type/JOURNAL,525,1985,2015,29,2,2,32,28,3
eia,Ethics & International Affairs,100.0,1747-7093,100.0,0892-6794,100.0,Cambridge University Press,100.0,http://www.cambridge.org/core/product/identifier/eia/type/JOURNAL,1237,1987,2015,29,0,1,29,29,0
ejb,Edinburgh Journal of Botany,100.0,1474-0036,100.0,0960-4286,100.0,Cambridge University Press,100.0,http://www.cambridge.org/core/product/identifier/ejb/type/JOURNAL,941,1990,2015,26,0,47,72,26,0
ejm,European Journal of Applied Mathematics,100.0,1469-4425,100.0,0956-7925,97.3,Cambridge University Press,100.0,http://www.cambridge.org/core/product/identifier/ejm/type/JOURNAL,961,1990,2015,26,0,1,26,26,0
elj,Ecclesiastical Law Journal,100.0,1751-8539,100.0,0956-618X,100.0,Cambridge University Press,100.0,http://www.cambridge.org/core/product/identifier/elj/type/JOURNAL,1663,1987,2015,29,0,1,17,17,0
ell,English Language and Linguistics,100.0,1469-4379,100.0,1360-6743,100.0,Cambridge University Press,100.0,http://www.cambridge.org/core/product/identifier/ell/type/JOURNAL,592,1997,2015,19,0,1,19,19,0
emh,Early Music History,100.0,1474-0559,100.0,0261-1279,100.0,Cambridge University Press,100.0,http://www.cambridge.org/core/product/identifier/emh/type/JOURNAL,347,1981,2015,34,1,1,34,34,0
enc,Environmental Conservation,100.0,1469-4387,100.0,0376-8929,100.0,Cambridge University Press,100.0,http://www.cambridge.org/core/product/identifier/enc/type/JOURNAL,5122,1974,2015,42,0,1,42,42,0
eng,English Today,99.4,1474-0567,100.0,0266-0784,100.0,Cambridge University Press,99.4,http://www.cambridge.org/core/product/identifier/eng/type/JOURNAL,2065,1985,2015,31,0,1,31,31,0
enp,Environmental Practice,98.8,1466-0474,100.0,1466-0466,100.0,Cambridge University Press,98.8,http://www.cambridge.org/core/product/identifier/enp/type/JOURNAL,1139,1999,2015,17,0,1,17,17,0
epi,Episteme,100.0,1750-0117,100.0,1742-3600,100.0,Cambridge University Press,100.0,http://www.cambridge.org/core/product/identifier/epi/type/JOURNAL,337,2004,2015,12,0,1,12,12,0
epj,English Profile Journal,100.0,2041-5362,100.0,,nan,Cambridge University Press,100.0,http://www.cambridge.org/core/product/identifier/epj/type/JOURNAL,13,2010,2013,4,0,1,3,3,0
epr,European Political Science Review,100.0,1755-7747,100.0,1755-7739,100.0,Cambridge University Press,100.0,http://www.cambridge.org/core/product/identifier/epr/type/JOURNAL,201,2009,2015,7,0,1,7,7,0
eps,Epidemiologia e Psichiatria Sociale,72.9,2038-1816,72.9,1121-189X,72.9,Cambridge University Press,100.0,http://www.cambridge.org/core/product/identifier/eps/type/JOURNAL,1295,1992,2015,24,0,1,24,24,0
epx,Epidemiologia e psichiatria sociale. Monograph Supplement,100.0,,100.0,1827-4331,100.0,Cambridge University Press,100.0,http://www.cambridge.org/core/product/identifier/epx/type/JOURNAL,99,1997,2004,5,3,6,13,5,3
erm,Expert Reviews in Molecular Medicine,96.8,,100.0,1462-3994,100.0,Cambridge University Press,98.9,http://www.cambridge.org/core/product/identifier/erm/type/JOURNAL,466,1997,2015,19,0,1,17,17,0
erw,European Review,100.0,1474-0575,100.0,1062-7987,100.0,Cambridge University Press,100.0,http://www.cambridge.org/core/product/identifier/erw/type/JOURNAL,1353,1993,2015,23,0,1,23,23,0
eso,Enterprise and Society,94.6,1467-2235,100.0,1467-2227,100.0,Cambridge University Press,98.2,http://www.cambridge.org/core/product/identifier/eso/type/JOURNAL,1615,2000,2015,16,0,1,16,16,0
ets,Ergodic Theory and Dynamical Systems,100.0,1469-4417,100.0,0143-3857,100.0,Cambridge University Press,100.0,http://www.cambridge.org/core/product/identifier/ets/type/JOURNAL,2754,1981,2015,35,0,1,35,35,0
eur,European Journal of Sociology,99.6,1474-0583,100.0,0003-9756,100.0,Cambridge University Press,99.6,http://www.cambridge.org/core/product/identifier/eur/type/JOURNAL,1342,1960,2015,56,0,1,56,56,0
fhr,Financial History Review,100.0,1474-0052,100.0,0968-5650,100.0,Cambridge University Press,100.0,http://www.cambridge.org/core/product/identifier/fhr/type/JOURNAL,501,1994,2015,21,1,1,22,21,1
flm,Journal of Fluid Mechanics,100.0,1469-7645,100.0,0022-1120,100.0,Cambridge University Press,100.0,http://www.cambridge.org/core/product/identifier/flm/type/JOURNAL,20725,1956,2015,60,0,1,785,797,-12
fmp,"Forum of Mathematics, Pi",100.0,2050-5086,100.0,,nan,Cambridge University Press,100.0,http://www.cambridge.org/core/product/identifier/fmp/type/JOURNAL,13,2013,2015,3,0,1,3,3,0
fmr,Fetal and Maternal Medicine Review,94.4,1469-5065,100.0,0965-5395,100.0,Cambridge University Press,100.0,http://www.cambridge.org/core/product/identifier/fmr/type/JOURNAL,444,1989,2014,25,1,1,25,25,0
fms,"Forum of Mathematics, Sigma",100.0,2050-5094,100.0,,nan,Cambridge University Press,100.0,http://www.cambridge.org/core/product/identifier/fms/type/JOURNAL,61,2013,2015,3,0,1,3,3,0
fpb,Foreign Policy Bulletin,91.5,1745-1302,100.0,1052-7036,100.0,Cambridge University Press,100.0,http://www.cambridge.org/core/product/identifier/fpb/type/JOURNAL,1416,1990,2012,21,2,1,22,22,0
gar,Greece and Rome,100.0,1477-4550,100.0,0017-3835,100.0,Cambridge University Press,100.0,http://www.cambridge.org/core/product/identifier/gar/type/JOURNAL,3635,1931,2015,85,0,1,62,62,0
gcn,Global Constitutionalism,100.0,2045-3825,100.0,2045-3817,100.0,Cambridge University Press,100.0,http://www.cambridge.org/core/product/identifier/gcn/type/JOURNAL,95,2012,2015,4,0,1,4,4,0
geo,Geological Magazine,100.0,1469-5081,100.0,0016-7568,100.0,Cambridge University Press,100.0,http://www.cambridge.org/core/product/identifier/geo/type/JOURNAL,23229,1864,2015,149,3,1,152,110,42
glo,The Geologist,100.0,,100.0,1359-4656,100.0,Cambridge University Press,100.0,http://www.cambridge.org/core/product/identifier/glo/type/JOURNAL,798,1858,1864,7,0,1,7,7,0
gmh,Global Mental Health,100.0,2054-4251,100.0,,nan,Cambridge University Press,100.0,http://www.cambridge.org/core/product/identifier/gmh/type/JOURNAL,30,2014,2015,2,0,1,2,2,0
gmj,Glasgow Mathematical Journal,88.4,1469-509X,100.0,0017-0895,88.4,Cambridge University Press,100.0,http://www.cambridge.org/core/product/identifier/gmj/type/JOURNAL,2520,1952,2015,64,0,1,57,57,0
gov,Government and Opposition,100.0,1477-7053,100.0,0017-257X,100.0,Cambridge University Press,100.0,http://www.cambridge.org/core/product/identifier/gov/type/JOURNAL,2053,1965,2015,51,0,1,50,50,0
grh,Genetical Research,91.6,1469-5073,100.0,0016-6723,100.0,Cambridge University Press,100.0,http://www.cambridge.org/core/product/identifier/grh/type/JOURNAL,4119,1960,2015,56,0,1,97,97,0
hep,"Health Economics, Policy and Law",100.0,1744-134X,100.0,1744-1331,100.0,Cambridge University Press,100.0,http://www.cambridge.org/core/product/identifier/hep/type/JOURNAL,396,2006,2015,10,0,1,10,10,0
het,Journal of the History of Economic Thought,81.5,1469-9656,97.8,1053-8372,79.7,Cambridge University Press,100.0,http://www.cambridge.org/core/product/identifier/het/type/JOURNAL,1524,1979,2015,37,0,1,37,37,0
hgl,Hegel Bulletin,100.0,2051-5375,100.0,0263-5232,91.4,Cambridge University Press,100.0,http://www.cambridge.org/core/product/identifier/hgl/type/JOURNAL,903,1980,2015,36,0,1,36,36,0
hia,History in Africa,100.0,1558-2744,100.0,0361-5413,100.0,Cambridge University Press,100.0,http://www.cambridge.org/core/product/identifier/hia/type/JOURNAL,1062,1974,2015,43,78,1,42,42,0
his,The Historical Journal,100.0,1469-5103,100.0,0018-246X,100.0,Cambridge University Press,100.0,http://www.cambridge.org/core/product/identifier/his/type/JOURNAL,3735,1958,2015,58,0,1,58,58,0
hor,Horizons,100.0,2050-8557,100.0,0360-9669,100.0,Cambridge University Press,100.0,http://www.cambridge.org/core/product/identifier/hor/type/JOURNAL,4384,1974,2015,42,0,1,42,42,0
hpl,High Power Laser Science and Engineering,100.0,2052-3289,100.0,2095-4719,100.0,Cambridge University Press,100.0,http://www.cambridge.org/core/product/identifier/hpl/type/JOURNAL,96,2013,2015,3,0,1,3,3,0
htr,Harvard Theological Review,99.8,1475-4517,100.0,0017-8160,100.0,Cambridge University Press,99.8,http://www.cambridge.org/core/product/identifier/htr/type/JOURNAL,3653,1908,2015,105,3,1,108,108,0
hyg,Epidemiology and Infection,50.2,1469-4409,99.2,0950-2688,50.2,Cambridge University Press,100.0,http://www.cambridge.org/core/product/identifier/hyg/type/JOURNAL,10879,1901,2015,111,4,1,143,147,-4
iau,Proceedings of the International Astronomical Union,100.0,1743-9221,100.0,1743-9213,100.0,Cambridge University Press,100.0,http://www.cambridge.org/core/product/identifier/iau/type/JOURNAL,11762,2004,2015,12,0,,,11,-10
ice,Infection Control & Hospital Epidemiology,74.3,1559-6834,74.3,0899-823X,74.3,Cambridge University Press,100.0,http://www.cambridge.org/core/product/identifier/ice/type/JOURNAL,8788,1980,2015,36,0,1,36,37,-1
idm,International Journal of Disability Management,100.0,1834-4887,100.0,1833-8550,100.0,Cambridge University Press,100.0,http://www.cambridge.org/core/product/identifier/idm/type/JOURNAL,129,2006,2015,10,0,1,10,10,0
ihs,Irish Historical Studies,100.0,2056-4139,100.0,0021-1214,100.0,Cambridge University Press,100.0,http://www.cambridge.org/core/product/identifier/ihs/type/JOURNAL,496,2010,2015,6,0,37,39,3,0
ija,International Journal of Astrobiology,100.0,1475-3006,98.7,1473-5504,100.0,Cambridge University Press,100.0,http://www.cambridge.org/core/product/identifier/ija/type/JOURNAL,558,2002,2015,14,0,1,14,14,0
ijc,International Journal of Law in Context,98.2,1744-5531,100.0,1744-5523,100.0,Cambridge University Press,98.2,http://www.cambridge.org/core/product/identifier/ijc/type/JOURNAL,387,2005,2015,11,0,1,11,11,0
ilq,International and Comparative Law Quarterly,100.0,1471-6895,100.0,0020-5893,100.0,Cambridge University Press,100.0,http://www.cambridge.org/core/product/identifier/ilq/type/JOURNAL,7638,1952,2015,64,0,1,64,64,0
ilw,International Labor and Working-Class History,94.4,1471-6445,100.0,0147-5479,94.8,Cambridge University Press,100.0,http://www.cambridge.org/core/product/identifier/ilw/type/JOURNAL,2517,1972,2015,44,0,1,88,85,3
ino,International Organization,100.0,1531-5088,100.0,0020-8183,100.0,Cambridge University Press,100.0,http://www.cambridge.org/core/product/identifier/ino/type/JOURNAL,4133,1947,2015,69,0,1,69,69,0
ins,Journal of the International Neuropsychological Society,99.9,1469-7661,100.0,1355-6177,100.0,Cambridge University Press,99.9,http://www.cambridge.org/core/product/identifier/ins/type/JOURNAL,2045,1995,2015,21,0,1,21,21,0
int,International Theory,100.0,1752-9727,100.0,1752-9719,100.0,Cambridge University Press,100.0,http://www.cambridge.org/core/product/identifier/int/type/JOURNAL,203,2009,2015,7,0,1,7,7,0
iop,Industrial and Organizational Psychology,100.0,1754-9434,100.0,1754-9426,100.0,Cambridge University Press,100.0,http://www.cambridge.org/core/product/identifier/iop/type/JOURNAL,810,2008,2015,8,0,1,8,8,0
ipa,Journal of the International Phonetic Association,100.0,1475-3502,100.0,0025-1003,100.0,Cambridge University Press,100.0,http://www.cambridge.org/core/product/identifier/ipa/type/JOURNAL,1183,1971,2015,45,0,1,45,45,0
ipg,International Psychogeriatrics,99.8,1741-203X,99.8,1041-6102,100.0,Cambridge University Press,99.8,http://www.cambridge.org/core/product/identifier/ipg/type/JOURNAL,3355,1989,2015,27,0,1,27,27,0
ipm,Irish Journal of Psychological Medicine,100.0,2051-6967,100.0,0790-9667,100.0,Cambridge University Press,100.0,http://www.cambridge.org/core/product/identifier/ipm/type/JOURNAL,1973,1989,2015,28,20,6,32,27,0
ips,International Review of Poultry Science,100.0,,nan,1877-9654,100.0,Cambridge University Press,100.0,http://www.cambridge.org/core/product/identifier/ips/type/JOURNAL,366,1928,1940,13,0,1,13,13,0
irc,Revue Internationale de la Croix-Rouge et Bulletin international des Sociétés de la Croix-Rouge,57.0,1607-5889,100.0,1026-8812,57.0,Cambridge University Press,100.0,http://www.cambridge.org/core/product/identifier/irc/type/JOURNAL,17896,1919,2014,96,0,1,96,96,0
irq,Iraq,100.0,2053-4744,100.0,0021-0889,100.0,Cambridge University Press,100.0,http://www.cambridge.org/core/product/identifier/irq/type/JOURNAL,1300,1934,2015,69,1,1,77,70,7
irs,International Review for Social History,100.0,,nan,1873-0841,100.0,Cambridge University Press,100.0,http://www.cambridge.org/core/product/identifier/irs/type/JOURNAL,55,1936,1938,3,0,1,4,4,0
ish,International Review of Social History,100.0,1469-512X,100.0,0020-8590,100.0,Cambridge University Press,100.0,http://www.cambridge.org/core/product/identifier/ish/type/JOURNAL,2326,1956,2015,60,0,1,60,60,0
isr,Israel Law Review,100.0,2047-9336,100.0,0021-2237,100.0,Cambridge University Press,100.0,http://www.cambridge.org/core/product/identifier/isr/type/JOURNAL,1915,1966,2015,50,0,1,48,48,0
iti,Itinerario,100.0,2041-2827,100.0,0165-1153,100.0,Cambridge University Press,100.0,http://www.cambridge.org/core/product/identifier/iti/type/JOURNAL,2893,1977,2015,39,0,1,39,39,0
jal,Journal of African Law,100.0,1464-3731,100.0,0021-8553,99.0,Cambridge University Press,100.0,http://www.cambridge.org/core/product/identifier/jal/type/JOURNAL,1568,1957,2015,59,0,1,59,59,0
jan,Journal of Applied Animal Nutrition,100.0,2049-257X,100.0,,nan,Cambridge University Press,100.0,http://www.cambridge.org/core/product/identifier/jan/type/JOURNAL,36,2012,2015,3,1,1,3,3,0
jas,The Journal of Asian Studies,100.0,1752-0401,100.0,0021-9118,100.0,Cambridge University Press,100.0,http://www.cambridge.org/core/product/identifier/jas/type/JOURNAL,19715,1941,2015,75,0,1,74,74,0
jaz,Journal of the Australian Mathematical Society,100.0,1446-8107,100.0,1446-7887,100.0,Cambridge University Press,100.0,http://www.cambridge.org/core/product/identifier/jaz/type/JOURNAL,4460,1959,2015,57,0,1,99,99,0
jbr,The Journal of British Studies,85.0,1545-6986,100.0,0021-9371,100.0,Cambridge University Press,100.0,http://www.cambridge.org/core/product/identifier/jbr/type/JOURNAL,3732,1962,2015,54,0,1,54,53,1
jbs,Journal of Biosocial Science,99.7,1469-7599,100.0,0021-9320,96.1,Cambridge University Press,99.7,http://www.cambridge.org/core/product/identifier/jbs/type/JOURNAL,3219,1969,2015,47,0,1,47,47,0
jcl,Journal of Child Language,100.0,1469-7602,99.5,0305-0009,100.0,Cambridge University Press,100.0,http://www.cambridge.org/core/product/identifier/jcl/type/JOURNAL,2312,1974,2015,42,0,1,42,42,0
jcp,International Journal of Cultural Property,100.0,1465-7317,100.0,0940-7391,100.0,Cambridge University Press,100.0,http://www.cambridge.org/core/product/identifier/jcp/type/JOURNAL,854,1992,2015,22,2,1,22,22,0
jeh,The Journal of Economic History,98.8,1471-6372,100.0,0022-0507,100.0,Cambridge University Press,100.0,http://www.cambridge.org/core/product/identifier/jeh/type/JOURNAL,13024,1941,2015,75,0,1,75,75,0
jfl,Journal of French Language Studies,100.0,1474-0079,100.0,0959-2695,100.0,Cambridge University Press,100.0,http://www.cambridge.org/core/product/identifier/jfl/type/JOURNAL,1103,1991,2015,25,0,1,25,25,0
jfp,Journal of Functional Programming,96.6,1469-7653,100.0,0956-7968,100.0,Cambridge University Press,100.0,http://www.cambridge.org/core/product/identifier/jfp/type/JOURNAL,851,1991,2015,26,24,1,25,25,0
jfq,Journal of Financial and Quantitative Analysis,100.0,1756-6916,100.0,0022-1090,100.0,Cambridge University Press,100.0,http://www.cambridge.org/core/product/identifier/jfq/type/JOURNAL,2833,1966,2015,50,0,1,50,50,0
jga,The Journal of the Gilded Age and Progressive Era,100.0,1943-3557,100.0,1537-7814,100.0,Cambridge University Press,100.0,http://www.cambridge.org/core/product/identifier/jga/type/JOURNAL,773,2002,2015,14,0,1,14,14,0
jgc,Australian Journal of Guidance and Counselling,95.7,1839-2520,95.7,1037-2911,95.7,Cambridge University Press,100.0,http://www.cambridge.org/core/product/identifier/jgc/type/JOURNAL,651,1991,2015,25,0,1,25,25,0
jgl,Journal of Germanic Linguistics,50.7,1475-3014,100.0,1470-5427,51.2,Cambridge University Press,99.5,http://www.cambridge.org/core/product/identifier/jgl/type/JOURNAL,604,1989,2015,27,0,1,27,27,0
jhl,Journal of Helminthology,100.0,1475-2697,100.0,0022-149X,100.0,Cambridge University Press,100.0,http://www.cambridge.org/core/product/identifier/jhl/type/JOURNAL,4439,1923,2015,92,1,1,89,89,0
jhs,The Journal of Hellenic Studies,100.0,2041-4099,100.0,0075-4269,100.0,Cambridge University Press,100.0,http://www.cambridge.org/core/product/identifier/jhs/type/JOURNAL,12262,1880,2015,133,3,1,135,138,-3
jia,Journal of the Institute of Actuaries,100.0,,nan,0020-2681,100.0,Cambridge University Press,100.0,http://www.cambridge.org/core/product/identifier/jia/type/JOURNAL,718,1974,1994,21,0,101,121,21,0
jie,The Aboriginal Child at School,68.1,2049-7784,95.8,0310-5822,68.1,Cambridge University Press,100.0,http://www.cambridge.org/core/product/identifier/jie/type/JOURNAL,1744,1973,2015,41,2,1,44,41,3
jis,Journal of the Staple Inn Actuarial Society,100.0,,96.2,0020-269X,96.2,Cambridge University Press,100.0,http://www.cambridge.org/core/product/identifier/jis/type/JOURNAL,1117,1911,1993,66,17,1,33,33,0
jjp,Japanese Journal of Political Science,100.0,1474-0060,100.0,1468-1099,100.0,Cambridge University Press,100.0,http://www.cambridge.org/core/product/identifier/jjp/type/JOURNAL,494,2000,2015,16,0,1,16,16,0
jlg,Journal of Linguistic Geography,100.0,2049-7547,100.0,,nan,Cambridge University Press,100.0,http://www.cambridge.org/core/product/identifier/jlg/type/JOURNAL,20,2013,2015,3,0,1,3,3,0
jlo,The Journal of Laryngology & Otology,75.5,1748-5460,90.1,0022-2151,79.1,Cambridge University Press,93.0,http://www.cambridge.org/core/product/identifier/jlo/type/JOURNAL,25152,1887,2015,125,4,1,129,132,-3
jlr,Journal of Law and Religion,100.0,2163-3088,100.0,0748-0814,100.0,Cambridge University Press,100.0,http://www.cambridge.org/core/product/identifier/jlr/type/JOURNAL,1318,1983,2015,31,2,1,30,30,0
jmj,Journal of the Institute of Mathematics of Jussieu,98.9,1475-3030,100.0,1474-7480,88.3,Cambridge University Press,98.9,http://www.cambridge.org/core/product/identifier/jmj/type/JOURNAL,349,2002,2015,14,0,1,14,14,0
jmo,Journal of Management & Organization,100.0,1839-3527,100.0,1833-3672,100.0,Cambridge University Press,100.0,http://www.cambridge.org/core/product/identifier/jmo/type/JOURNAL,740,1995,2015,20,1,1,21,20,1
jmr,Journal of Materials Research,100.0,2044-5326,100.0,0884-2914,100.0,Cambridge University Press,100.0,http://www.cambridge.org/core/product/identifier/jmr/type/JOURNAL,11794,1986,2015,30,0,1,30,30,0
jns,Journal of Nutritional Science,100.0,2048-6790,100.0,,nan,Cambridge University Press,100.0,http://www.cambridge.org/core/product/identifier/jns/type/JOURNAL,168,2012,2015,4,0,1,4,4,0
joi,Journal of Institutional Economics,100.0,1744-1382,100.0,1744-1374,100.0,Cambridge University Press,100.0,http://www.cambridge.org/core/product/identifier/joi/type/JOURNAL,353,2005,2015,11,0,1,11,11,0
jom,Journal of Mechanics,100.0,1811-8216,100.0,1727-7191,100.0,Cambridge University Press,100.0,http://www.cambridge.org/core/product/identifier/jom/type/JOURNAL,890,2008,2015,18,0,24,31,18,-10
jpa,Journal of Paleontology,100.0,1937-2337,100.0,0022-3360,100.0,Cambridge University Press,100.0,http://www.cambridge.org/core/product/identifier/jpa/type/JOURNAL,3765,2015,2015,30,0,89,89,30,-29
jph,Journal of Policy History,100.0,1528-4190,100.0,0898-0306,100.0,Cambridge University Press,100.0,http://www.cambridge.org/core/product/identifier/jph/type/JOURNAL,998,1989,2015,27,0,1,27,27,0
jpi,Journal of Psychiatric Intensive Care,96.1,1744-2206,73.2,1742-6464,100.0,Cambridge University Press,96.1,http://www.cambridge.org/core/product/identifier/jpi/type/JOURNAL,231,2005,2015,11,0,1,11,11,0
jpm,Journal of the Plainsong and Mediaeval Music Society,100.0,,nan,0143-4918,100.0,Cambridge University Press,100.0,http://www.cambridge.org/core/product/identifier/jpm/type/JOURNAL,142,1978,1990,13,0,1,13,13,0
jps,British Journal of Political Science,100.0,1469-2112,100.0,0007-1234,97.8,Cambridge University Press,100.0,http://www.cambridge.org/core/product/identifier/jps/type/JOURNAL,1701,1971,2015,45,0,1,45,45,0
jra,Journal of the Royal Asiatic Society of Great Britain & Ireland,82.0,1474-0591,99.0,0035-869X,83.6,Cambridge University Press,100.0,http://www.cambridge.org/core/product/identifier/jra/type/JOURNAL,18058,1834,2015,166,16,1,122,125,-3
jrc,The Australian Journal of Rehabilitation Counselling,100.0,1838-6059,100.0,1323-8922,100.0,Cambridge University Press,100.0,http://www.cambridge.org/core/product/identifier/jrc/type/JOURNAL,334,1995,2015,21,0,1,21,21,0
jro,Journal of Roman Archaeology,100.0,2331-5709,100.0,1047-7594,100.0,Journal of Roman Archaeology L.L.C.,100.0,http://www.cambridge.org/core/product/identifier/jro/type/JOURNAL,2366,1988,2015,28,0,1,28,28,0
jrp,Journal of Radiotherapy in Practice,98.3,1467-1131,100.0,1460-3969,100.0,Cambridge University Press,98.3,http://www.cambridge.org/core/product/identifier/jrp/type/JOURNAL,603,1999,2015,16,1,1,15,15,0
jrr,Journal of Relationships Research,100.0,1838-0956,100.0,,nan,Cambridge University Press,100.0,http://www.cambridge.org/core/product/identifier/jrr/type/JOURNAL,56,2010,2015,6,0,1,6,6,0
jrs,Journal of Roman Studies,100.0,1753-528X,100.0,0075-4358,100.0,Cambridge University Press,100.0,http://www.cambridge.org/core/product/identifier/jrs/type/JOURNAL,8473,1911,2015,101,4,1,105,105,0
jsc,Journal of Smoking Cessation,100.0,1834-2612,100.0,,nan,Cambridge University Press,100.0,http://www.cambridge.org/core/product/identifier/jsc/type/JOURNAL,196,2006,2015,10,0,1,10,10,0
jse,Australasian Journal of Special Education,100.0,1833-6914,100.0,1030-0112,100.0,Cambridge University Press,100.0,http://www.cambridge.org/core/product/identifier/jse/type/JOURNAL,103,1977,2015,7,0,1,39,7,32
jsl,The Journal of Symbolic Logic,100.0,1943-5886,100.0,0022-4812,100.0,Cambridge University Press,100.0,http://www.cambridge.org/core/product/identifier/jsl/type/JOURNAL,12693,1936,2015,80,0,1,80,80,0
jsp,Journal of Social Policy,100.0,1740-2948,90.1,0047-2794,100.0,Cambridge University Press,100.0,http://www.cambridge.org/core/product/identifier/jsp/type/JOURNAL,39902,1972,2015,44,0,1,44,44,0
jti,International Journal of Tropical Insect Science,100.0,1742-7592,100.0,1742-7584,100.0,Cambridge University Press,100.0,http://www.cambridge.org/core/product/identifier/jti/type/JOURNAL,2804,1980,2015,35,1,1,35,35,0
jtp,Journal of Tropical Psychology,100.0,1838-9902,100.0,,nan,Cambridge University Press,100.0,http://www.cambridge.org/core/product/identifier/jtp/type/JOURNAL,41,2011,2015,5,0,1,5,5,0
jwe,Journal of Wine Economics,100.0,1931-437X,100.0,1931-4361,100.0,Cambridge University Press,100.0,http://www.cambridge.org/core/product/identifier/jwe/type/JOURNAL,321,2006,2015,10,0,1,10,10,0
ker,The Knowledge Engineering Review,100.0,1469-8005,100.0,0269-8889,100.0,Cambridge University Press,100.0,http://www.cambridge.org/core/product/identifier/ker/type/JOURNAL,1092,1984,2015,30,2,1,30,30,0
krv,Kantian Review,100.0,2044-2394,100.0,1369-4154,100.0,Cambridge University Press,100.0,http://www.cambridge.org/core/product/identifier/krv/type/JOURNAL,446,1997,2015,19,0,1,20,20,0
las,Journal of Latin American Studies,100.0,1469-767X,100.0,0022-216X,100.0,Cambridge University Press,100.0,http://www.cambridge.org/core/product/identifier/las/type/JOURNAL,5026,1969,2015,47,0,1,47,47,0
lco,Language and Cognition,100.0,1866-9859,100.0,1866-9808,100.0,Cambridge University Press,100.0,http://www.cambridge.org/core/product/identifier/lco/type/JOURNAL,172,2009,2015,7,0,1,7,7,0
leg,Legal Theory,99.3,1469-8048,100.0,1352-3252,100.0,Cambridge University Press,99.3,http://www.cambridge.org/core/product/identifier/leg/type/JOURNAL,403,1995,2015,21,0,1,21,21,0
ler,Recherches Economiques De Louvain / Louvain Economic Review,70.5,,95.6,0770-4518,71.9,Cambridge University Press,100.0,http://www.cambridge.org/core/product/identifier/ler/type/JOURNAL,7572,1929,2014,81,5,1,80,80,0
lhr,Law and History Review,100.0,1939-9022,100.0,0738-2480,100.0,Cambridge University Press,100.0,http://www.cambridge.org/core/product/identifier/lhr/type/JOURNAL,2112,1983,2015,33,0,1,33,33,0
lic,The Lichenologist,100.0,1096-1135,100.0,0024-2829,100.0,Cambridge University Press,100.0,http://www.cambridge.org/core/product/identifier/lic/type/JOURNAL,2710,1958,2015,58,0,1,47,47,0
lim,Legal Information Management,98.4,1741-2021,100.0,1472-6696,100.0,Cambridge University Press,98.4,http://www.cambridge.org/core/product/identifier/lim/type/JOURNAL,1139,2001,2015,15,0,1,15,15,0
lin,Journal of Linguistics,100.0,1469-7742,100.0,0022-2267,100.0,Cambridge University Press,100.0,http://www.cambridge.org/core/product/identifier/lin/type/JOURNAL,2427,1965,2015,51,0,1,51,51,0
lis,Libyan Studies,100.0,2052-6148,100.0,0263-7189,100.0,Cambridge University Press,100.0,http://www.cambridge.org/core/product/identifier/lis/type/JOURNAL,1034,1970,2015,45,1,1,46,46,0
ljl,Leiden Journal of International Law,100.0,1478-9698,100.0,0922-1565,100.0,Cambridge University Press,100.0,http://www.cambridge.org/core/product/identifier/ljl/type/JOURNAL,1524,1988,2015,28,0,1,28,28,0
lpb,Laser and Particle Beams,98.9,1469-803X,98.7,0263-0346,100.0,Cambridge University Press,98.9,http://www.cambridge.org/core/product/identifier/lpb/type/JOURNAL,2661,1983,2015,33,0,1,33,33,0
lsy,Language in Society,99.6,1469-8013,100.0,0047-4045,100.0,Cambridge University Press,99.6,http://www.cambridge.org/core/product/identifier/lsy/type/JOURNAL,3365,1972,2015,44,0,1,44,44,0
lta,Language Teaching,100.0,1475-3049,100.0,0261-4448,100.0,Cambridge University Press,100.0,http://www.cambridge.org/core/product/identifier/lta/type/JOURNAL,2304,1968,2015,48,0,1,48,48,0
lvc,Language Variation and Change,99.0,1469-8021,100.0,0954-3945,100.0,Cambridge University Press,99.0,http://www.cambridge.org/core/product/identifier/lvc/type/JOURNAL,478,1989,2015,27,0,1,27,27,0
mag,The Mathematical Gazette,100.0,2056-6328,100.0,0025-5572,100.0,Cambridge University Press,100.0,http://www.cambridge.org/core/product/identifier/mag/type/JOURNAL,629,2015,2015,6,0,99,99,6,-5
mam,Microscopy and Microanalysis,99.9,1435-8115,100.0,1431-9276,100.0,Cambridge University Press,99.9,http://www.cambridge.org/core/product/identifier/mam/type/JOURNAL,14532,1995,2015,20,1,1,21,20,1
man,Mathematical Notes,67.8,,nan,1757-7489,67.8,Cambridge University Press,100.0,http://www.cambridge.org/core/product/identifier/man/type/JOURNAL,332,1909,1961,30,23,1,44,44,0
mbi,Journal of the Marine Biological Association of the United Kingdom,86.5,1469-7769,100.0,0025-3154,100.0,Cambridge University Press,99.6,http://www.cambridge.org/core/product/identifier/mbi/type/JOURNAL,9516,1887,2015,125,4,1,95,95,0
mce,Memoirs of the Entomological Society of Canada,100.0,,nan,0071-075X,100.0,Cambridge University Press,100.0,http://www.cambridge.org/core/product/identifier/mce/type/JOURNAL,562,1955,1997,42,1,87,129,42,1
mdh,Medical History,100.0,2048-8343,100.0,0025-7273,100.0,Cambridge University Press,100.0,http://www.cambridge.org/core/product/identifier/mdh/type/JOURNAL,7683,1957,2015,59,0,1,59,59,0
mdy,Macroeconomic Dynamics,100.0,1469-8056,100.0,1365-1005,100.0,Cambridge University Press,99.9,http://www.cambridge.org/core/product/identifier/mdy/type/JOURNAL,952,1997,2015,19,0,1,19,19,0
mes,International Journal of Middle East Studies,99.5,1471-6380,100.0,0020-7438,100.0,Cambridge University Press,99.5,http://www.cambridge.org/core/product/identifier/mes/type/JOURNAL,5379,1970,2015,46,0,1,47,47,0
mih,Modern Intellectual History,100.0,1479-2451,100.0,1479-2443,100.0,Cambridge University Press,100.0,http://www.cambridge.org/core/product/identifier/mih/type/JOURNAL,433,2004,2015,12,0,1,12,12,0
mij,MRS Internet Journal of Nitride Semiconductor Research,100.0,,100.0,1092-5783,100.0,Cambridge University Press,100.0,http://www.cambridge.org/core/product/identifier/mij/type/JOURNAL,218,1996,2005,10,0,1,10,10,0
moa,The Journal of Modern African Studies,100.0,1469-7777,100.0,0022-278X,100.0,Cambridge University Press,100.0,http://www.cambridge.org/core/product/identifier/moa/type/JOURNAL,4435,1963,2015,53,0,1,53,53,0
mor,Management and Organization Review,100.0,1740-8784,100.0,1740-8776,100.0,Cambridge University Press,100.0,http://www.cambridge.org/core/product/identifier/mor/type/JOURNAL,483,2005,2015,11,0,1,11,11,0
mrc,MRS Communications,100.0,2159-6867,100.0,2159-6859,100.0,Cambridge University Press,100.0,http://www.cambridge.org/core/product/identifier/mrc/type/JOURNAL,221,2011,2015,5,0,1,5,5,0
mre,MRS Energy & Sustainability,100.0,2329-2237,100.0,2329-2229,100.0,Cambridge University Press,100.0,http://www.cambridge.org/core/product/identifier/mre/type/JOURNAL,22,2014,2015,2,0,1,2,2,0
mrf,International Journal of Microwave and Wireless Technologies,100.0,1759-0795,100.0,1759-0787,100.0,Cambridge University Press,100.0,http://www.cambridge.org/core/product/identifier/mrf/type/JOURNAL,642,2009,2015,7,0,1,7,7,0
mrs,MRS Bulletin,100.0,1938-1425,100.0,0883-7694,100.0,Cambridge University Press,100.0,http://www.cambridge.org/core/product/identifier/mrs/type/JOURNAL,8594,1974,2015,40,2,1,40,39,1
msc,Mathematical Structures in Computer Science,100.0,1469-8072,100.0,0960-1295,100.0,Cambridge University Press,100.0,http://www.cambridge.org/core/product/identifier/msc/type/JOURNAL,932,1991,2015,25,0,1,25,25,0
mtk,Mathematika,100.0,2041-7942,100.0,0025-5793,100.0,London Mathematical Society,100.0,http://www.cambridge.org/core/product/identifier/mtk/type/JOURNAL,1836,1954,2015,61,1,1,61,61,0
mto,Microscopy Today,100.0,2150-3583,100.0,1551-9295,100.0,Cambridge University Press,100.0,http://www.cambridge.org/core/product/identifier/mto/type/JOURNAL,783,2009,2015,7,0,17,23,7,0
nav,Journal of Navigation,99.3,1469-7785,100.0,0373-4633,100.0,Cambridge University Press,100.0,http://www.cambridge.org/core/product/identifier/nav/type/JOURNAL,5113,1948,2015,68,0,1,68,68,0
ncm,Nineteenth-Century Music Review,100.0,2044-8414,100.0,1479-4098,100.0,Cambridge University Press,100.0,http://www.cambridge.org/core/product/identifier/ncm/type/JOURNAL,639,2004,2015,12,0,1,12,12,0
neu,Acta Neuropsychiatrica,100.0,1601-5215,100.0,0924-2708,100.0,Cambridge University Press,100.0,http://www.cambridge.org/core/product/identifier/neu/type/JOURNAL,1340,1989,2015,26,1,1,27,26,1
njg,Netherlands Journal of Geosciences,83.7,1573-9708,100.0,0016-7746,100.0,Cambridge University Press,100.0,http://www.cambridge.org/core/product/identifier/njg/type/JOURNAL,215,2009,2015,7,0,88,94,7,0
njl,Nordic Journal of Linguistics,100.0,1502-4717,100.0,0332-5865,100.0,Cambridge University Press,100.0,http://www.cambridge.org/core/product/identifier/njl/type/JOURNAL,671,1978,2015,38,0,1,38,38,0
nle,Natural Language Engineering,100.0,1469-8110,100.0,1351-3249,100.0,Cambridge University Press,100.0,http://www.cambridge.org/core/product/identifier/nle/type/JOURNAL,559,1995,2015,21,0,1,21,21,0
npt,New Perspectives on Turkey,100.0,1305-3299,100.0,0896-6346,100.0,Cambridge University Press,100.0,http://www.cambridge.org/core/product/identifier/npt/type/JOURNAL,704,1987,2015,29,0,1,53,51,2
nrr,Nutrition Research Reviews,100.0,1475-2700,100.0,0954-4224,100.0,Cambridge University Press,100.0,http://www.cambridge.org/core/product/identifier/nrr/type/JOURNAL,516,1988,2015,28,0,1,28,28,0
nsy,New Surveys in the Classics,100.0,2052-8531,100.0,0533-2451,100.0,Cambridge University Press,100.0,http://www.cambridge.org/core/product/identifier/nsy/type/JOURNAL,463,2006,2012,39,7,36,42,42,-35
ntq,New Theatre Quarterly,100.0,1474-0613,100.0,0266-464X,100.0,Cambridge University Press,100.0,http://www.cambridge.org/core/product/identifier/ntq/type/JOURNAL,2663,1985,2015,31,0,1,31,31,0
nts,New Testament Studies,100.0,1469-8145,100.0,0028-6885,100.0,Cambridge University Press,100.0,http://www.cambridge.org/core/product/identifier/nts/type/JOURNAL,2968,1954,2015,62,0,1,61,61,0
nws,Network Science,100.0,2050-1250,100.0,2050-1242,100.0,Cambridge University Press,100.0,http://www.cambridge.org/core/product/identifier/nws/type/JOURNAL,85,2013,2015,3,0,1,3,3,0
oba,BSAP Occasional Publication,100.0,,nan,0263-967X,100.0,Cambridge University Press,100.0,http://www.cambridge.org/core/product/identifier/oba/type/JOURNAL,232,1978,1994,8,9,1,18,8,10
opr,Cambridge Opera Journal,100.0,1474-0621,100.0,0954-5867,100.0,Cambridge University Press,100.0,http://www.cambridge.org/core/product/identifier/opr/type/JOURNAL,557,1989,2015,27,0,1,27,27,0
orp,The Australian and New Zealand Journal of Organisational Psychology,65.1,1835-7601,65.1,,nan,Cambridge University Press,100.0,http://www.cambridge.org/core/product/identifier/orp/type/JOURNAL,43,2008,2015,8,0,1,8,8,0
orx,Oryx,100.0,1365-3008,100.0,0030-6053,100.0,Cambridge University Press,100.0,http://www.cambridge.org/core/product/identifier/orx/type/JOURNAL,5382,1950,2015,66,0,1,49,49,0
oso,Organised Sound,98.7,1469-8153,100.0,1355-7718,92.0,Cambridge University Press,98.7,http://www.cambridge.org/core/product/identifier/oso/type/JOURNAL,779,1996,2015,20,0,1,20,20,0
pab,Paleobiology,100.0,1938-5331,100.0,0094-8373,100.0,Cambridge University Press,100.0,http://www.cambridge.org/core/product/identifier/pab/type/JOURNAL,1557,2015,2015,39,2,38,41,39,-35
pag,Politics & Gender,78.6,1743-9248,100.0,1743-923X,100.0,Cambridge University Press,100.0,http://www.cambridge.org/core/product/identifier/pag/type/JOURNAL,630,2005,2015,11,0,1,11,11,0
par,Parasitology,99.6,1469-8161,99.9,0031-1820,100.0,Cambridge University Press,99.6,http://www.cambridge.org/core/product/identifier/par/type/JOURNAL,10316,1908,2015,105,3,1,142,146,-4
pas,Publications of the Astronomical Society of Australia,100.0,1448-6083,100.0,1323-3580,100.0,Cambridge University Press,100.0,http://www.cambridge.org/core/product/identifier/pas/type/JOURNAL,958,1997,2015,19,0,14,32,19,0
pax,Palliative and Supportive Care,71.9,1478-9523,100.0,1478-9515,100.0,Cambridge University Press,100.0,http://www.cambridge.org/core/product/identifier/pax/type/JOURNAL,1038,2003,2015,13,0,1,13,13,0
pba,Proceedings of the British Society of Animal Production (1972),100.0,,nan,0308-2296,100.0,Cambridge University Press,100.0,http://www.cambridge.org/core/product/identifier/pba/type/JOURNAL,61,1972,1975,4,0,1,4,4,0
pch,Papers of the American Society of Church History,100.0,,nan,1079-9028,100.0,Cambridge University Press,100.0,http://www.cambridge.org/core/product/identifier/pch/type/JOURNAL,241,1889,1934,17,29,1,9,9,0
pdj,Powder Diffraction,100.0,1945-7413,100.0,0885-7156,100.0,Cambridge University Press,100.0,http://www.cambridge.org/core/product/identifier/pdj/type/JOURNAL,3662,1986,2015,30,0,1,30,30,0
pdm,Prehospital and Disaster Medicine,100.0,1945-1938,100.0,1049-023X,100.0,Cambridge University Press,100.0,http://www.cambridge.org/core/product/identifier/pdm/type/JOURNAL,5829,1985,2015,30,1,1,30,30,0
pef,Journal of Pension Economics and Finance,97.3,1475-3022,100.0,1474-7472,100.0,Cambridge University Press,100.0,http://www.cambridge.org/core/product/identifier/pef/type/JOURNAL,550,2002,2015,14,0,1,14,14,0
pem,Proceedings of the Edinburgh Mathematical Society,100.0,1464-3839,100.0,0013-0915,100.0,Cambridge University Press,100.0,http://www.cambridge.org/core/product/identifier/pem/type/JOURNAL,4342,1883,2015,121,12,1,58,58,0
pes,Probability in the Engineering and Informational Sciences,99.2,1469-8951,100.0,0269-9648,100.0,Cambridge University Press,99.2,http://www.cambridge.org/core/product/identifier/pes/type/JOURNAL,1178,1987,2015,29,0,1,29,29,0
pgr,Plant Genetic Resources,74.0,1479-263X,100.0,1479-2621,100.0,Cambridge University Press,100.0,http://www.cambridge.org/core/product/identifier/pgr/type/JOURNAL,569,2003,2015,13,0,1,13,13,0
phc,Primary Health Care Research & Development,58.4,1477-1128,100.0,1463-4236,100.0,Cambridge University Press,100.0,http://www.cambridge.org/core/product/identifier/phc/type/JOURNAL,764,2000,2015,16,0,1,16,16,0
phi,Philosophy,100.0,1469-817X,100.0,0031-8191,100.0,Cambridge University Press,100.0,http://www.cambridge.org/core/product/identifier/phi/type/JOURNAL,7833,1926,2015,90,0,1,91,91,0
phn,Public Health Nutrition,100.0,1475-2727,100.0,1368-9800,100.0,Cambridge University Press,99.9,http://www.cambridge.org/core/product/identifier/phn/type/JOURNAL,4184,1998,2015,18,0,1,19,19,0
pho,Phonology,100.0,1469-8188,100.0,0952-6757,100.0,Cambridge University Press,100.0,http://www.cambridge.org/core/product/identifier/pho/type/JOURNAL,690,1984,2015,32,0,1,32,32,0
phs,Royal Institute of Philosophy Supplement,74.5,1755-3555,100.0,1358-2461,74.5,Cambridge University Press,100.0,http://www.cambridge.org/core/product/identifier/phs/type/JOURNAL,1831,1968,2015,45,3,1,77,77,0
pla,Journal of Plasma Physics,100.0,1469-7807,100.0,0022-3778,100.0,Cambridge University Press,100.0,http://www.cambridge.org/core/product/identifier/pla/type/JOURNAL,4371,1967,2015,49,0,1,81,81,0
pli,The Cambridge Journal of Postcolonial Literary Inquiry,100.0,2052-2622,100.0,2052-2614,100.0,Cambridge University Press,100.0,http://www.cambridge.org/core/product/identifier/pli/type/JOURNAL,66,2014,2015,2,0,1,2,2,0
pmm,Plainsong and Medieval Music,98.4,1474-0087,100.0,0961-1371,98.1,Cambridge University Press,98.4,http://www.cambridge.org/core/product/identifier/pmm/type/JOURNAL,428,1992,2015,24,0,1,24,24,0
pms,Psychological Medicine. Monograph Supplement,100.0,,nan,0264-1801,100.0,Cambridge University Press,100.0,http://www.cambridge.org/core/product/identifier/pms/type/JOURNAL,185,1982,1993,12,0,1,24,23,1
pmu,Popular Music,99.0,1474-0095,100.0,0261-1430,100.0,Cambridge University Press,99.0,http://www.cambridge.org/core/product/identifier/pmu/type/JOURNAL,1798,1981,2015,34,1,1,34,34,0
pns,Proceedings of the Nutrition Society,100.0,1475-2719,100.0,0029-6651,100.0,Cambridge University Press,99.8,http://www.cambridge.org/core/product/identifier/pns/type/JOURNAL,6664,1944,2015,67,5,1,74,68,6
pnt,Proceedings of the Society of Antiquaries of London,100.0,,nan,0950-7973,100.0,Cambridge University Press,100.0,http://www.cambridge.org/core/product/identifier/pnt/type/JOURNAL,2095,1849,1920,36,36,1,32,32,0
pol,Polar Record,100.0,1475-3057,100.0,0032-2474,100.0,Cambridge University Press,100.0,http://www.cambridge.org/core/product/identifier/pol/type/JOURNAL,7757,1931,2015,85,0,1,51,51,0
pop,Proceedings of the American Political Science Association,100.0,,nan,1520-8605,100.0,Cambridge University Press,100.0,http://www.cambridge.org/core/product/identifier/pop/type/JOURNAL,241,1905,1914,10,56,1,10,10,0
ppe,Proceedings of the Prehistoric Society of East Anglia,100.0,,100.0,0958-8418,100.0,Cambridge University Press,100.0,http://www.cambridge.org/core/product/identifier/ppe/type/JOURNAL,461,1911,1934,21,3,1,7,7,0
ppr,Proceedings of the Prehistoric Society,100.0,2050-2729,100.0,0079-497X,100.0,Cambridge University Press,100.0,http://www.cambridge.org/core/product/identifier/ppr/type/JOURNAL,2313,1935,2015,79,2,1,81,81,0
pps,Perspectives on Politics,94.8,1541-0986,100.0,1537-5927,100.0,Cambridge University Press,90.1,http://www.cambridge.org/core/product/identifier/pps/type/JOURNAL,4349,2003,2015,13,0,1,13,13,0
prb,Proceedings of the Royal Society of Edinburgh. Section B. Biological Sciences,65.9,,nan,0269-7270,65.9,Royal Society of Edinburgh Scotland Foundation,100.0,http://www.cambridge.org/core/product/identifier/prb/type/JOURNAL,1501,1941,1996,49,7,61,104,44,0
pre,Proceedings of the Royal Society of Edinburgh,100.0,,nan,0370-1646,100.0,Royal Society of Edinburgh Scotland Foundation,100.0,http://www.cambridge.org/core/product/identifier/pre/type/JOURNAL,5203,1845,1940,61,35,1,60,60,0
prm,Proceedings of the Royal Society of Edinburgh: Section A Mathematics,89.4,1473-7124,100.0,0308-2105,89.4,Royal Society of Edinburgh Scotland Foundation,97.3,http://www.cambridge.org/core/product/identifier/prm/type/JOURNAL,4123,1941,2015,70,5,61,145,85,0
prp,Journal of Pacific Rim Psychology,100.0,,100.0,1834-4909,100.0,Cambridge University Press,100.0,http://www.cambridge.org/core/product/identifier/prp/type/JOURNAL,106,2007,2015,9,0,1,9,9,0
psc,PS: Political Science & Politics,88.2,1537-5935,100.0,1049-0965,100.0,Cambridge University Press,92.9,http://www.cambridge.org/core/product/identifier/psc/type/JOURNAL,8607,1968,2015,48,0,1,48,48,0
psm,Psychological Medicine,100.0,1469-8978,100.0,0033-2917,100.0,Cambridge University Press,100.0,http://www.cambridge.org/core/product/identifier/psm/type/JOURNAL,10126,1970,2015,46,0,1,45,45,0
psp,Mathematical Proceedings of the Cambridge Philosophical Society,100.0,1469-8064,100.0,0305-0041,100.0,Cambridge University Press,100.0,http://www.cambridge.org/core/product/identifier/psp/type/JOURNAL,8757,1924,2015,92,0,22,159,143,-5
psr,American Political Science Review,100.0,1537-5943,100.0,0003-0554,100.0,Cambridge University Press,97.7,http://www.cambridge.org/core/product/identifier/psr/type/JOURNAL,30581,1906,2015,106,4,1,109,109,0
pst,Political Science Teacher,100.0,,nan,0896-0828,100.0,Cambridge University Press,100.0,http://www.cambridge.org/core/product/identifier/pst/type/JOURNAL,113,1988,1990,3,0,1,3,3,0
pts,Prospects,96.9,1471-6399,100.0,0361-2333,100.0,Cambridge University Press,100.0,http://www.cambridge.org/core/product/identifier/pts/type/JOURNAL,702,1976,2005,30,0,1,30,30,0
pup,Journal of Public Policy,100.0,1469-7815,100.0,0143-814X,100.0,Cambridge University Press,100.0,http://www.cambridge.org/core/product/identifier/pup/type/JOURNAL,1154,1981,2015,35,0,1,35,35,0
pye,Abstracts of Working Papers in Economics,100.0,1471-6410,100.0,0951-0079,100.0,Cambridge University Press,100.0,http://www.cambridge.org/core/product/identifier/pye/type/JOURNAL,661,1986,2004,18,1,1,21,21,0
qgc,Queensland Journal of Guidance and Counselling,100.0,,100.0,1030-3162,100.0,Cambridge University Press,100.0,http://www.cambridge.org/core/product/identifier/qgc/type/JOURNAL,38,1987,1990,5,5,1,4,4,0
qrb,Quarterly Reviews of Biophysics,100.0,1469-8994,100.0,0033-5835,100.0,Cambridge University Press,100.0,http://www.cambridge.org/core/product/identifier/qrb/type/JOURNAL,787,1968,2015,47,1,1,48,48,0
qre,Queensland Review,100.0,2049-7792,100.0,1321-8166,100.0,Cambridge University Press,100.0,http://www.cambridge.org/core/product/identifier/qre/type/JOURNAL,171,1994,2015,5,0,1,22,5,17
raf,Renewable Agriculture and Food Systems,100.0,1742-1713,100.0,1742-1705,100.0,Cambridge University Press,96.4,http://www.cambridge.org/core/product/identifier/raf/type/JOURNAL,494,2004,2015,12,0,19,30,12,0
ram,Political Science Research and Methods,100.0,2049-8489,100.0,2049-8470,100.0,Cambridge University Press,100.0,http://www.cambridge.org/core/product/identifier/ram/type/JOURNAL,85,2013,2015,3,0,1,3,3,0
rap,Politics and Religion,100.0,1744-0491,74.7,1755-0483,100.0,Cambridge University Press,100.0,http://www.cambridge.org/core/product/identifier/rap/type/JOURNAL,554,2008,2015,8,0,1,8,8,0
rce,International Review of the Red Cross,100.0,,nan,0020-8604,100.0,Cambridge University Press,100.0,http://www.cambridge.org/core/product/identifier/rce/type/JOURNAL,5624,1961,1998,38,0,1,38,38,0
rcg,Reviews in Clinical Gerontology,100.0,1469-9036,100.0,0959-2598,100.0,Cambridge University Press,100.0,http://www.cambridge.org/core/product/identifier/rcg/type/JOURNAL,856,1991,2015,25,0,1,25,25,0
rcs,Revista Internacional de la Cruz Roja,100.0,,nan,0250-569X,100.0,Cambridge University Press,100.0,http://www.cambridge.org/core/product/identifier/rcs/type/JOURNAL,2535,1976,1999,24,0,1,24,24,0
rec,ReCALL,100.0,1474-0109,77.3,0958-3440,100.0,Cambridge University Press,100.0,http://www.cambridge.org/core/product/identifier/rec/type/JOURNAL,820,1989,2015,27,0,1,27,27,0
res,Religious Studies,100.0,1469-901X,100.0,0034-4125,100.0,Cambridge University Press,100.0,http://www.cambridge.org/core/product/identifier/res/type/JOURNAL,3405,1965,2015,51,0,1,51,51,0
rhc,Camden Fifth Series,99.9,1478-5110,100.0,0960-1163,100.0,Cambridge University Press,99.9,http://www.cambridge.org/core/product/identifier/rhc/type/JOURNAL,675,1993,2015,23,0,1,48,47,1
rhe,Revista de Historia Económica / Journal of Iberian and Latin American Economic History,100.0,2041-3335,100.0,0212-6109,100.0,Cambridge University Press,100.0,http://www.cambridge.org/core/product/identifier/rhe/type/JOURNAL,1681,1983,2015,33,0,1,33,33,0
rhf,Camden Fourth Series,100.0,,nan,0068-6905,100.0,Cambridge University Press,100.0,http://www.cambridge.org/core/product/identifier/rhf/type/JOURNAL,608,1964,1992,26,3,1,44,44,0
rhn,Camden New Series,100.0,2042-1702,100.0,,nan,Cambridge University Press,100.0,http://www.cambridge.org/core/product/identifier/rhn/type/JOURNAL,818,1872,1901,28,2,1,62,62,0
rho,Camden Old Series,100.0,2042-1699,100.0,,nan,Cambridge University Press,100.0,http://www.cambridge.org/core/product/identifier/rho/type/JOURNAL,1595,1838,1872,34,1,1,106,106,0
rhr,Camden Third Series,100.0,2042-1710,100.0,,nan,Cambridge University Press,100.0,http://www.cambridge.org/core/product/identifier/rhr/type/JOURNAL,949,1900,1963,54,10,1,94,94,0
rht,Transactions of the Royal Historical Society,100.0,1474-0648,100.0,0080-4401,100.0,Cambridge University Press,100.0,http://www.cambridge.org/core/product/identifier/rht/type/JOURNAL,2214,1872,2015,137,7,1,40,40,0
ris,Review of International Studies,92.2,1469-9044,100.0,0260-2105,86.9,Cambridge University Press,99.5,http://www.cambridge.org/core/product/identifier/ris/type/JOURNAL,1829,1975,2015,41,0,1,41,41,0
rmr,Reproductive Medicine Review,100.0,1469-9028,100.0,0962-2799,100.0,Cambridge University Press,100.0,http://www.cambridge.org/core/product/identifier/rmr/type/JOURNAL,164,1992,2003,11,1,1,11,11,0
rms,Review of Middle East Studies,100.0,2329-3225,100.0,2151-3481,100.0,Cambridge University Press,100.0,http://www.cambridge.org/core/product/identifier/rms/type/JOURNAL,52,1967,2015,1,0,1,49,1,48
rmu,Ramus,100.0,2202-932X,100.0,0048-671X,100.0,Cambridge University Press,100.0,http://www.cambridge.org/core/product/identifier/rmu/type/JOURNAL,552,1972,2015,42,2,1,44,42,2
rob,Robotica,100.0,1469-8668,100.0,0263-5747,100.0,Cambridge University Press,100.0,http://www.cambridge.org/core/product/identifier/rob/type/JOURNAL,3271,1983,2015,33,0,1,33,33,0
rom,Papers of the British School at Rome,100.0,2045-239X,100.0,0068-2462,100.0,Cambridge University Press,100.0,http://www.cambridge.org/core/product/identifier/rom/type/JOURNAL,1311,1902,2015,83,31,1,83,83,0
rop,The Review of Politics,100.0,1748-6858,100.0,0034-6705,100.0,Cambridge University Press,100.0,http://www.cambridge.org/core/product/identifier/rop/type/JOURNAL,6153,1939,2015,77,0,1,77,77,0
rsl,The Review of Symbolic Logic,100.0,1755-0211,100.0,1755-0203,100.0,Cambridge University Press,100.0,http://www.cambridge.org/core/product/identifier/rsl/type/JOURNAL,323,2008,2015,8,0,1,8,8,0
ruh,Rural History,100.0,1474-0656,100.0,0956-7933,100.0,Cambridge University Press,100.0,http://www.cambridge.org/core/product/identifier/ruh/type/JOURNAL,682,1990,2015,26,0,1,26,26,0
sam,Journal of the Society for American Music,100.0,1752-1971,100.0,1752-1963,100.0,Cambridge University Press,100.0,http://www.cambridge.org/core/product/identifier/sam/type/JOURNAL,518,2007,2015,9,0,1,9,9,0
sap,Studies in American Political Development,100.0,1469-8692,100.0,0898-588X,100.0,Cambridge University Press,100.0,http://www.cambridge.org/core/product/identifier/sap/type/JOURNAL,404,1986,2015,29,1,1,29,29,0
sea,Journal of Southeast Asian Studies,99.6,1474-0680,100.0,0022-4634,100.0,Cambridge University Press,99.6,http://www.cambridge.org/core/product/identifier/sea/type/JOURNAL,3113,1970,2015,46,0,1,46,46,0
seh,Journal of Southeast Asian History,100.0,,nan,0217-7811,100.0,Cambridge University Press,100.0,http://www.cambridge.org/core/product/identifier/seh/type/JOURNAL,508,1960,1969,10,0,1,10,10,0
sic,Science in Context,98.0,1474-0664,100.0,0269-8897,100.0,Cambridge University Press,98.0,http://www.cambridge.org/core/product/identifier/sic/type/JOURNAL,858,1987,2015,28,1,1,28,28,0
sip,APSIPA Transactions on Signal and Information Processing,100.0,2048-7703,100.0,,nan,Cambridge University Press,100.0,http://www.cambridge.org/core/product/identifier/sip/type/JOURNAL,52,2012,2015,4,0,1,4,4,0
sjp,The Spanish journal of psychology,69.4,1988-2904,100.0,1138-7416,100.0,Cambridge University Press,100.0,http://www.cambridge.org/core/product/identifier/sjp/type/JOURNAL,1051,1998,2015,18,0,1,18,18,0
sjt,Scottish Journal of Theology,100.0,1475-3065,100.0,0036-9306,100.0,Cambridge University Press,100.0,http://www.cambridge.org/core/product/identifier/sjt/type/JOURNAL,6683,1948,2015,68,0,1,68,68,0
sla,Studies in Second Language Acquisition,100.0,1470-1545,100.0,0272-2631,100.0,Cambridge University Press,100.0,http://www.cambridge.org/core/product/identifier/sla/type/JOURNAL,2555,1978,2015,38,0,1,37,37,0
soy,Social Philosophy and Policy,100.0,1471-6437,100.0,0265-0525,100.0,Cambridge University Press,100.0,http://www.cambridge.org/core/product/identifier/soy/type/JOURNAL,832,1983,2015,33,0,1,32,32,0
spp,South Pacific Journal of Psychology,100.0,,100.0,0257-5434,100.0,Cambridge University Press,100.0,http://www.cambridge.org/core/product/identifier/spp/type/JOURNAL,186,1984,2005,17,5,1,16,16,0
sps,Social Policy and Society,100.0,1475-3073,100.0,1474-7464,100.0,Cambridge University Press,100.0,http://www.cambridge.org/core/product/identifier/sps/type/JOURNAL,779,2002,2015,14,0,1,14,14,0
ssr,Seed Science Research,100.0,1475-2735,100.0,0960-2585,100.0,Cambridge University Press,100.0,http://www.cambridge.org/core/product/identifier/ssr/type/JOURNAL,1073,1991,2015,25,0,1,25,25,0
tam,The Americas,98.6,1533-6247,100.0,0003-1615,100.0,Cambridge University Press,100.0,http://www.cambridge.org/core/product/identifier/tam/type/JOURNAL,8977,2009,2015,72,0,66,72,72,-65
tce,The Canadian Entomologist,100.0,1918-3240,100.0,0008-347X,100.0,Cambridge University Press,100.0,http://www.cambridge.org/core/product/identifier/tce/type/JOURNAL,15870,1868,2015,146,2,1,147,153,-6
tcm,twentieth-century music,67.7,1478-5730,100.0,1478-5722,100.0,Cambridge University Press,100.0,http://www.cambridge.org/core/product/identifier/tcm/type/JOURNAL,251,2004,2015,12,0,1,12,12,0
tel,Transnational Environmental Law,100.0,2047-1033,100.0,2047-1025,100.0,Cambridge University Press,100.0,http://www.cambridge.org/core/product/identifier/tel/type/JOURNAL,122,2012,2015,4,0,1,4,4,0
tem,Tempo,100.0,1478-2286,99.8,0040-2982,100.0,Cambridge University Press,100.0,http://www.cambridge.org/core/product/identifier/tem/type/JOURNAL,3773,1939,2015,74,3,57,69,13,0
tfa,Transactions of the Faculty of Actuaries,100.0,,nan,0071-3686,100.0,Cambridge University Press,100.0,http://www.cambridge.org/core/product/identifier/tfa/type/JOURNAL,1004,1903,1992,40,50,1,44,44,0
thc,International Journal of Technology Assessment in Health Care,100.0,1471-6348,100.0,0266-4623,100.0,Cambridge University Press,100.0,http://www.cambridge.org/core/product/identifier/thc/type/JOURNAL,2776,1985,2015,31,0,1,31,31,0
thg,Twin Research and Human Genetics,70.3,1839-2628,100.0,1832-4274,70.3,Cambridge University Press,100.0,http://www.cambridge.org/core/product/identifier/thg/type/JOURNAL,1621,1998,2015,18,0,1,18,18,0
thi,Think,100.0,1755-1196,100.0,1477-1756,100.0,Cambridge University Press,100.0,http://www.cambridge.org/core/product/identifier/thi/type/JOURNAL,639,2002,2015,14,0,1,14,14,0
tlp,Theory and Practice of Logic Programming,100.0,1475-3081,99.4,1471-0684,100.0,Cambridge University Press,100.0,http://www.cambridge.org/core/product/identifier/tlp/type/JOURNAL,529,2001,2015,15,0,1,15,15,0
tma,"Numerical Mathematics: Theory, Methods and Applications",100.0,2079-7338,100.0,1004-8979,100.0,Cambridge University Press,100.0,http://www.cambridge.org/core/product/identifier/tma/type/JOURNAL,145,2011,2015,5,0,4,8,5,0
tra,Transactions of the Royal Asiatic Society of Great Britain and Ireland,100.0,,nan,0950-4737,100.0,Cambridge University Press,100.0,http://www.cambridge.org/core/product/identifier/tra/type/JOURNAL,142,1827,1834,5,3,1,3,3,0
tre,Transactions of the Royal Society of Edinburgh,68.7,1473-7116,80.8,0080-4568,68.1,Royal Society of Edinburgh Scotland Foundation,100.0,http://www.cambridge.org/core/product/identifier/tre/type/JOURNAL,3987,1788,2015,158,70,1,106,105,1
tri,Theatre Research International,100.0,1474-0672,100.0,0307-8833,100.0,Cambridge University Press,100.0,http://www.cambridge.org/core/product/identifier/tri/type/JOURNAL,2906,1975,2015,41,0,1,40,40,0
trn,TRaNS: Trans -Regional and -National Studies of Southeast Asia,100.0,2051-3658,100.0,2051-364X,100.0,Cambridge University Press,100.0,http://www.cambridge.org/core/product/identifier/trn/type/JOURNAL,68,2013,2015,3,0,1,3,3,0
tro,Journal of Tropical Ecology,100.0,1469-7831,100.0,0266-4674,99.7,Cambridge University Press,100.0,http://www.cambridge.org/core/product/identifier/tro/type/JOURNAL,2400,1985,2015,31,0,1,31,31,0
tsy,Theatre Survey,98.6,1475-4533,100.0,0040-5574,100.0,Cambridge University Press,98.6,http://www.cambridge.org/core/product/identifier/tsy/type/JOURNAL,1904,1960,2015,56,0,1,56,56,0
uhy,Urban History,100.0,1469-8706,100.0,0963-9268,100.0,Cambridge University Press,100.0,http://www.cambridge.org/core/product/identifier/uhy/type/JOURNAL,2894,1974,2015,42,0,1,42,42,0
uti,Utilitas,100.0,1741-6183,100.0,0953-8208,100.0,Cambridge University Press,100.0,http://www.cambridge.org/core/product/identifier/uti/type/JOURNAL,1127,1989,2015,27,0,1,27,27,0
vlc,Victorian Literature and Culture,68.2,1470-1553,100.0,1060-1503,68.2,Cambridge University Press,100.0,http://www.cambridge.org/core/product/identifier/vlc/type/JOURNAL,1058,1973,2015,37,6,1,43,37,6
vns,Visual Neuroscience,99.4,1469-8714,100.0,0952-5238,100.0,Cambridge University Press,99.4,http://www.cambridge.org/core/product/identifier/vns/type/JOURNAL,2542,1988,2015,28,0,1,32,32,0
wpo,World Politics,100.0,1086-3338,100.0,0043-8871,100.0,Cambridge University Press,100.0,http://www.cambridge.org/core/product/identifier/wpo/type/JOURNAL,2345,1948,2015,68,0,1,67,67,0
wps,World's Poultry Science Journal,98.9,1743-4777,99.7,0043-9339,99.7,Cambridge University Press,73.1,http://www.cambridge.org/core/product/identifier/wps/type/JOURNAL,2916,1945,2015,71,0,1,72,72,0
wpt,Wireless Power Transfer,100.0,2052-8418,100.0,,nan,Cambridge University Press,100.0,http://www.cambridge.org/core/product/identifier/wpt/type/JOURNAL,30,2014,2015,2,0,1,2,2,0
wtr,World Trade Review,100.0,1475-3138,100.0,1474-7456,100.0,Cambridge University Press,100.0,http://www.cambridge.org/core/product/identifier/wtr/type/JOURNAL,656,2002,2015,14,0,1,14,14,0
xps,Journal of Experimental Political Science,100.0,2052-2649,100.0,2052-2630,100.0,Cambridge University Press,100.0,http://www.cambridge.org/core/product/identifier/xps/type/JOURNAL,41,2014,2015,2,0,1,2,2,0
zyg,Zygote,100.0,1469-8730,100.0,0967-1994,100.0,Cambridge University Press,100.0,http://www.cambridge.org/core/product/identifier/zyg/type/JOURNAL,1193,1993,2015,23,0,1,23,23,0
